id,container id,scenario,background,illumination,width at the top,width at the bottom,height,depth,container capacity,container mass,filling type,filling level,filling density,filling mass,object mass,handover starting frame,handover start timestamp,handover hand,action,nframes,folder_num,file_name,num,subject,filling_type,filling_level,back,light,camera_id,start,end
0,2,2,1,0,69.0,42.0,72.0,-1.0,185.0,2.0,2,1,0.82,76.0,78.0,-1,-1,-1,1.0,291576,2,s2_fi2_fu1_b1_l0,70,2,2,1,1,0,2,0.75,3.5
1,7,0,0,0,193.0,193.0,241.0,69.0,3209.397,59.0,0,0,0.0,0.0,59.0,-1,-1,-1,0.0,118483,7,s0_fi0_fu0_b0_l0,0,0,0,0,0,0,2,-1.0,-1.0
2,2,0,1,0,69.0,42.0,72.0,-1.0,185.0,2.0,3,1,1.0,93.0,95.0,-1,-1,-1,1.0,572008,2,s0_fi3_fu1_b1_l0,22,0,3,1,1,0,2,3.4,6.5
3,8,0,1,0,135.0,135.0,164.0,56.0,1239.84,31.0,0,0,0.0,0.0,31.0,-1,-1,-1,0.0,141680,8,s0_fi0_fu0_b1_l0,2,0,0,0,1,0,2,-1.0,-1.0
4,4,1,1,0,88.0,56.0,91.0,-1.0,296.0,86.0,1,1,0.34,45.0,131.0,-1,-1,-1,1.0,138681,4,s1_fi1_fu1_b1_l0,34,1,1,1,1,0,2,0.75,1.8
5,7,2,1,1,193.0,193.0,241.0,69.0,3209.397,59.0,2,1,0.82,1489.0,1548.0,-1,-1,-1,2.0,192130,7,s2_fi2_fu1_b1_l1,55,2,2,1,1,1,2,0.4,1.6
6,5,0,1,1,81.0,67.0,136.0,-1.0,363.0,134.0,3,1,1.0,182.0,316.0,-1,-1,-1,1.0,363459,5,s0_fi3_fu1_b1_l1,23,0,3,1,1,1,2,1.8,5.0
7,1,1,1,0,98.0,61.0,119.0,-1.0,520.0,10.0,3,1,1.0,260.0,270.0,-1,-1,-1,1.0,268423,1,s1_fi3_fu1_b1_l0,50,1,3,1,1,0,2,1.4,3.5
8,7,0,0,1,193.0,193.0,241.0,69.0,3209.397,59.0,0,0,0.0,0.0,59.0,-1,-1,-1,0.0,145914,7,s0_fi0_fu0_b0_l1,1,0,0,0,0,1,2,-1.0,-1.0
9,2,2,0,0,69.0,42.0,72.0,-1.0,185.0,2.0,2,1,0.82,76.0,78.0,-1,-1,-1,1.0,646493,2,s2_fi2_fu1_b0_l0,68,2,2,1,0,0,2,4.4,8.9
10,5,0,1,0,81.0,67.0,136.0,-1.0,363.0,134.0,2,1,0.82,146.0,280.0,-1,-1,-1,1.0,523895,5,s0_fi2_fu1_b1_l0,14,0,2,1,1,0,2,4.0,8.8
11,3,2,0,1,69.0,39.0,85.0,-1.0,202.0,3.0,3,2,1.0,182.0,185.0,-1,-1,-1,1.0,431417,3,s2_fi3_fu2_b0_l1,81,2,3,2,0,1,2,0.6,1.7
12,5,2,0,0,81.0,67.0,136.0,-1.0,363.0,134.0,0,0,0.0,0.0,134.0,-1,-1,-1,0.0,168229,5,s2_fi0_fu0_b0_l0,56,2,0,0,0,0,2,-1.0,-1.0
13,6,1,1,0,49.0,59.0,175.0,-1.0,128.0,15.0,1,1,0.34,22.0,37.0,-1,-1,-1,1.0,227499,6,s1_fi1_fu1_b1_l0,34,1,1,1,1,0,2,2.0,3.9
14,8,1,1,0,135.0,135.0,164.0,56.0,1239.84,31.0,0,0,0.0,0.0,31.0,-1,-1,-1,0.0,107238,8,s1_fi0_fu0_b1_l0,22,1,0,0,1,0,2,-1.0,-1.0
15,2,1,1,0,69.0,42.0,72.0,-1.0,185.0,2.0,1,1,0.34,35.0,37.0,-1,-1,-1,1.0,183135,2,s1_fi1_fu1_b1_l0,34,1,1,1,1,0,2,0.7,2.8
16,5,0,1,1,81.0,67.0,136.0,-1.0,363.0,134.0,2,2,0.82,262.0,396.0,-1,-1,-1,1.0,757757,5,s0_fi2_fu2_b1_l1,19,0,2,2,1,1,2,2.8,14.0
17,9,2,1,0,80.0,80.0,131.0,45.0,471.6,15.0,0,0,0.0,0.0,15.0,-1,-1,-1,0.0,147325,9,s2_fi0_fu0_b1_l0,42,2,0,0,1,0,2,-1.0,-1.0
18,5,2,0,0,81.0,67.0,136.0,-1.0,363.0,134.0,2,2,0.82,262.0,396.0,-1,-1,-1,1.0,669381,5,s2_fi2_fu2_b0_l0,72,2,2,2,0,0,2,1.4,10.0
19,8,2,0,1,135.0,135.0,164.0,56.0,1239.84,31.0,1,2,0.34,478.0,509.0,-1,-1,-1,2.0,185824,8,s2_fi1_fu2_b0_l1,49,2,1,2,0,1,2,0.4,1.2
20,6,1,0,1,49.0,59.0,175.0,-1.0,128.0,15.0,2,2,0.82,95.0,110.0,-1,-1,-1,1.0,777822,6,s1_fi2_fu2_b0_l1,45,1,2,2,0,1,2,2.4,14.0
21,4,0,0,1,88.0,56.0,91.0,-1.0,296.0,86.0,2,1,0.82,122.0,208.0,-1,-1,-1,1.0,337131,4,s0_fi2_fu1_b0_l1,13,0,2,1,0,1,2,1.5,4.2
22,5,1,1,1,81.0,67.0,136.0,-1.0,363.0,134.0,1,2,0.34,128.0,262.0,-1,-1,-1,1.0,394814,5,s1_fi1_fu2_b1_l1,39,1,1,2,1,1,2,1.0,6.8
23,3,2,0,0,69.0,39.0,85.0,-1.0,202.0,3.0,1,2,0.34,66.0,69.0,-1,-1,-1,1.0,528305,3,s2_fi1_fu2_b0_l0,64,2,1,2,0,0,2,1.1,5.2
24,9,2,0,1,80.0,80.0,131.0,45.0,471.6,15.0,1,1,0.34,89.0,104.0,-1,-1,-1,2.0,172374,9,s2_fi1_fu1_b0_l1,45,2,1,1,0,1,2,0.4,1.3
25,6,1,0,0,49.0,59.0,175.0,-1.0,128.0,15.0,3,2,1.0,115.0,130.0,-1,-1,-1,1.0,314949,6,s1_fi3_fu2_b0_l0,52,1,3,2,0,0,2,1.6,4.8
26,3,0,1,0,69.0,39.0,85.0,-1.0,202.0,3.0,3,2,1.0,182.0,185.0,-1,-1,-1,1.0,567598,3,s0_fi3_fu2_b1_l0,26,0,3,2,1,0,2,2.8,6.1
27,6,2,1,1,49.0,59.0,175.0,-1.0,128.0,15.0,2,1,0.82,53.0,68.0,-1,-1,-1,1.0,580872,6,s2_fi2_fu1_b1_l1,71,2,2,1,1,1,2,2.3,8.8
28,9,1,0,1,80.0,80.0,131.0,45.0,471.6,15.0,1,1,0.34,89.0,104.0,-1,-1,-1,2.0,97095,9,s1_fi1_fu1_b0_l1,25,1,1,1,0,1,2,0.4,1.2
29,2,0,0,1,69.0,42.0,72.0,-1.0,185.0,2.0,2,2,0.82,137.0,139.0,-1,-1,-1,1.0,583782,2,s0_fi2_fu2_b0_l1,17,0,2,2,0,1,2,1.3,10.2
30,5,1,1,0,81.0,67.0,136.0,-1.0,363.0,134.0,1,1,0.34,71.0,205.0,-1,-1,-1,1.0,178239,5,s1_fi1_fu1_b1_l0,34,1,1,1,1,0,2,1.4,2.4
31,3,1,1,0,69.0,39.0,85.0,-1.0,202.0,3.0,1,1,0.34,36.0,39.0,-1,-1,-1,1.0,180973,3,s1_fi1_fu1_b1_l0,34,1,1,1,1,0,2,0.4,2.4
32,8,1,0,0,135.0,135.0,164.0,56.0,1239.84,31.0,2,1,0.82,602.0,633.0,-1,-1,-1,2.0,102696,8,s1_fi2_fu1_b0_l0,32,1,2,1,0,0,2,0.6,2.2
33,3,1,0,0,69.0,39.0,85.0,-1.0,202.0,3.0,1,1,0.34,36.0,39.0,-1,-1,-1,1.0,150734,3,s1_fi1_fu1_b0_l0,32,1,1,1,0,0,2,0.7,2.2
34,7,1,1,1,193.0,193.0,241.0,69.0,3209.397,59.0,2,1,0.82,1489.0,1548.0,-1,-1,-1,2.0,109090,7,s1_fi2_fu1_b1_l1,35,1,2,1,1,1,2,0.6,1.4
35,3,0,0,1,69.0,39.0,85.0,-1.0,202.0,3.0,2,1,0.82,82.0,85.0,-1,-1,-1,1.0,347142,3,s0_fi2_fu1_b0_l1,13,0,2,1,0,1,2,1.7,5.7
36,2,0,1,0,69.0,42.0,72.0,-1.0,185.0,2.0,0,0,0.0,0.0,2.0,-1,-1,-1,0.0,116411,2,s0_fi0_fu0_b1_l0,2,0,0,0,1,0,2,-1.0,-1.0
37,2,1,0,1,69.0,42.0,72.0,-1.0,185.0,2.0,3,2,1.0,167.0,169.0,-1,-1,-1,1.0,482044,2,s1_fi3_fu2_b0_l1,53,1,3,2,0,1,2,2.0,4.7
38,8,2,0,0,135.0,135.0,164.0,56.0,1239.84,31.0,1,2,0.34,478.0,509.0,-1,-1,-1,2.0,215503,8,s2_fi1_fu2_b0_l0,48,2,1,2,0,0,2,0.6,1.6
39,2,2,1,0,69.0,42.0,72.0,-1.0,185.0,2.0,2,2,0.82,137.0,139.0,-1,-1,-1,1.0,796741,2,s2_fi2_fu2_b1_l0,74,2,2,2,1,0,2,0.1,5.3
40,5,0,1,1,81.0,67.0,136.0,-1.0,363.0,134.0,1,1,0.34,71.0,205.0,-1,-1,-1,1.0,247299,5,s0_fi1_fu1_b1_l1,7,0,1,1,1,1,2,1.6,3.1
41,4,0,1,1,88.0,56.0,91.0,-1.0,296.0,86.0,0,0,0.0,0.0,86.0,-1,-1,-1,0.0,73149,4,s0_fi0_fu0_b1_l1,3,0,0,0,1,1,2,-1.0,-1.0
42,4,2,1,0,88.0,56.0,91.0,-1.0,296.0,86.0,0,0,0.0,0.0,86.0,-1,-1,-1,0.0,124084,4,s2_fi0_fu0_b1_l0,58,2,0,0,1,0,2,-1.0,-1.0
43,1,1,0,1,98.0,61.0,119.0,-1.0,520.0,10.0,2,1,0.82,222.0,232.0,-1,-1,-1,1.0,383392,1,s1_fi2_fu1_b0_l1,41,1,2,1,0,1,2,0.75,6.5
44,7,0,0,0,193.0,193.0,241.0,69.0,3209.397,59.0,1,2,0.34,1291.0,1350.0,-1,-1,-1,2.0,109840,7,s0_fi1_fu2_b0_l0,8,0,1,2,0,0,2,1.0,2.0
45,1,1,1,0,98.0,61.0,119.0,-1.0,520.0,10.0,2,1,0.82,222.0,232.0,-1,-1,-1,1.0,274509,1,s1_fi2_fu1_b1_l0,42,1,2,1,1,0,2,0.75,4.3
46,8,1,0,1,135.0,135.0,164.0,56.0,1239.84,31.0,0,0,0.0,0.0,31.0,-1,-1,-1,0.0,105827,8,s1_fi0_fu0_b0_l1,21,1,0,0,0,1,2,-1.0,-1.0
47,9,1,0,0,80.0,80.0,131.0,45.0,471.6,15.0,1,2,0.34,159.0,174.0,-1,-1,-1,2.0,73942,9,s1_fi1_fu2_b0_l0,28,1,1,2,0,0,2,0.5,1.2
48,7,0,1,1,193.0,193.0,241.0,69.0,3209.397,59.0,1,2,0.34,1291.0,1350.0,-1,-1,-1,2.0,155527,7,s0_fi1_fu2_b1_l1,11,0,1,2,1,1,2,0.9,2.2
49,1,0,1,0,98.0,61.0,119.0,-1.0,520.0,10.0,0,0,0.0,0.0,10.0,-1,-1,-1,0.0,126434,1,s0_fi0_fu0_b1_l0,2,0,0,0,1,0,2,-1.0,-1.0
50,4,1,0,0,88.0,56.0,91.0,-1.0,296.0,86.0,3,2,1.0,266.0,352.0,-1,-1,-1,1.0,244962,4,s1_fi3_fu2_b0_l0,52,1,3,2,0,0,2,1.2,2.7
51,9,1,1,1,80.0,80.0,131.0,45.0,471.6,15.0,1,1,0.34,89.0,104.0,-1,-1,-1,2.0,98418,9,s1_fi1_fu1_b1_l1,27,1,1,1,1,1,2,0.6,1.3
52,2,1,0,1,69.0,42.0,72.0,-1.0,185.0,2.0,3,1,1.0,93.0,95.0,-1,-1,-1,1.0,345069,2,s1_fi3_fu1_b0_l1,49,1,3,1,0,1,2,2.0,5.0
53,4,0,1,0,88.0,56.0,91.0,-1.0,296.0,86.0,3,1,1.0,148.0,234.0,-1,-1,-1,1.0,601070,4,s0_fi3_fu1_b1_l0,22,0,3,1,1,0,2,4.1,7.0
54,1,2,1,1,98.0,61.0,119.0,-1.0,520.0,10.0,0,0,0.0,0.0,10.0,-1,-1,-1,0.0,216385,1,s2_fi0_fu0_b1_l1,59,2,0,0,1,1,2,-1.0,-1.0
55,5,0,0,1,81.0,67.0,136.0,-1.0,363.0,134.0,1,1,0.34,71.0,205.0,-1,-1,-1,1.0,386744,5,s0_fi1_fu1_b0_l1,5,0,1,1,0,1,2,2.7,6.0
56,8,1,0,0,135.0,135.0,164.0,56.0,1239.84,31.0,2,2,0.82,1084.0,1115.0,-1,-1,-1,2.0,112750,8,s1_fi2_fu2_b0_l0,36,1,2,2,0,0,2,0.8,2.0
57,7,1,0,1,193.0,193.0,241.0,69.0,3209.397,59.0,2,1,0.82,1489.0,1548.0,-1,-1,-1,2.0,118351,7,s1_fi2_fu1_b0_l1,33,1,2,1,0,1,2,0.6,1.8
58,4,2,1,1,88.0,56.0,91.0,-1.0,296.0,86.0,2,2,0.82,219.0,305.0,-1,-1,-1,1.0,699545,4,s2_fi2_fu2_b1_l1,75,2,2,2,1,1,2,0.6,8.8
59,7,1,1,1,193.0,193.0,241.0,69.0,3209.397,59.0,1,1,0.34,717.0,776.0,-1,-1,-1,2.0,92597,7,s1_fi1_fu1_b1_l1,27,1,1,1,1,1,2,0.6,1.2
60,8,1,0,0,135.0,135.0,164.0,56.0,1239.84,31.0,1,2,0.34,478.0,509.0,-1,-1,-1,2.0,95331,8,s1_fi1_fu2_b0_l0,28,1,1,2,0,0,2,0.6,1.8
61,8,2,1,1,135.0,135.0,164.0,56.0,1239.84,31.0,2,2,0.82,1084.0,1115.0,-1,-1,-1,2.0,178503,8,s2_fi2_fu2_b1_l1,59,2,2,2,1,1,2,0.4,1.4
62,6,0,0,1,49.0,59.0,175.0,-1.0,128.0,15.0,3,2,1.0,115.0,130.0,-1,-1,-1,1.0,594675,6,s0_fi3_fu2_b0_l1,25,0,3,2,0,1,2,3.6,8.4
63,9,1,1,0,80.0,80.0,131.0,45.0,471.6,15.0,1,2,0.34,159.0,174.0,-1,-1,-1,2.0,111736,9,s1_fi1_fu2_b1_l0,30,1,1,2,1,0,2,0.6,1.5
64,3,1,1,0,69.0,39.0,85.0,-1.0,202.0,3.0,2,2,0.82,147.6,150.6,-1,-1,-1,1.0,950827,3,s1_fi2_fu2_b1_l0,46,1,2,2,1,0,2,0.8,12.5
65,1,0,0,0,98.0,61.0,119.0,-1.0,520.0,10.0,1,2,0.34,195.0,205.0,-1,-1,-1,1.0,712378,1,s0_fi1_fu2_b0_l0,8,0,1,2,0,0,2,2.0,10.0
66,6,1,0,0,49.0,59.0,175.0,-1.0,128.0,15.0,0,0,0.0,0.0,15.0,-1,-1,-1,0.0,48585,6,s1_fi0_fu0_b0_l0,28,1,0,0,0,0,2,-1.0,-1.0
67,1,1,0,0,98.0,61.0,119.0,-1.0,520.0,10.0,2,2,0.82,399.0,409.0,-1,-1,-1,1.0,323019,1,s1_fi2_fu2_b0_l0,44,1,2,2,0,0,2,0.5,4.7
68,3,0,0,1,69.0,39.0,85.0,-1.0,202.0,3.0,2,2,0.82,147.6,150.6,-1,-1,-1,1.0,528790,3,s0_fi2_fu2_b0_l1,17,0,2,2,0,1,2,2.0,9.0
69,5,1,1,0,81.0,67.0,136.0,-1.0,363.0,134.0,2,1,0.82,146.0,280.0,-1,-1,-1,1.0,205714,5,s1_fi2_fu1_b1_l0,42,1,2,1,1,0,2,0.6,3.2
70,2,0,0,1,69.0,42.0,72.0,-1.0,185.0,2.0,3,1,1.0,93.0,95.0,-1,-1,-1,1.0,320991,2,s0_fi3_fu1_b0_l1,21,0,3,1,0,1,2,2.5,4.1
71,1,2,1,1,98.0,61.0,119.0,-1.0,520.0,10.0,3,1,1.0,260.0,270.0,-1,-1,-1,1.0,391992,1,s2_fi3_fu1_b1_l1,79,2,3,1,1,1,2,1.8,4.0
72,1,1,1,1,98.0,61.0,119.0,-1.0,520.0,10.0,1,2,0.34,195.0,205.0,-1,-1,-1,1.0,856365,1,s1_fi1_fu2_b1_l1,39,1,1,2,1,1,2,2.0,15.0
73,1,2,1,1,98.0,61.0,119.0,-1.0,520.0,10.0,2,1,0.82,222.0,232.0,-1,-1,-1,1.0,404560,1,s2_fi2_fu1_b1_l1,71,2,2,1,1,1,2,1.0,4.7
74,1,0,1,1,98.0,61.0,119.0,-1.0,520.0,10.0,2,1,0.82,222.0,232.0,-1,-1,-1,1.0,343791,1,s0_fi2_fu1_b1_l1,15,0,2,1,1,1,2,0.9,3.5
75,6,1,0,0,49.0,59.0,175.0,-1.0,128.0,15.0,1,1,0.34,22.0,37.0,-1,-1,-1,1.0,219516,6,s1_fi1_fu1_b0_l0,32,1,1,1,0,0,2,2.2,4.5
76,5,1,0,1,81.0,67.0,136.0,-1.0,363.0,134.0,2,2,0.82,262.0,396.0,-1,-1,-1,1.0,574918,5,s1_fi2_fu2_b0_l1,45,1,2,2,0,1,2,1.6,10.8
77,6,2,1,0,49.0,59.0,175.0,-1.0,128.0,15.0,0,0,0.0,0.0,15.0,-1,-1,-1,0.0,116852,6,s2_fi0_fu0_b1_l0,58,2,0,0,1,0,2,-1.0,-1.0
78,1,0,1,0,98.0,61.0,119.0,-1.0,520.0,10.0,1,1,0.34,109.0,119.0,-1,-1,-1,1.0,620253,1,s0_fi1_fu1_b1_l0,6,0,1,1,1,0,2,2.1,10.1
79,5,1,0,1,81.0,67.0,136.0,-1.0,363.0,134.0,2,1,0.82,146.0,280.0,-1,-1,-1,1.0,336249,5,s1_fi2_fu1_b0_l1,41,1,2,1,0,1,2,0.8,5.2
80,8,2,1,1,135.0,135.0,164.0,56.0,1239.84,31.0,2,1,0.82,602.0,633.0,-1,-1,-1,2.0,201215,8,s2_fi2_fu1_b1_l1,55,2,2,1,1,1,2,0.6,1.7
81,2,2,1,0,69.0,42.0,72.0,-1.0,185.0,2.0,3,2,1.0,167.0,169.0,-1,-1,-1,1.0,511414,2,s2_fi3_fu2_b1_l0,82,2,3,2,1,0,2,0.2,3.1
82,7,1,0,1,193.0,193.0,241.0,69.0,3209.397,59.0,0,0,0.0,0.0,59.0,-1,-1,-1,0.0,141371,7,s1_fi0_fu0_b0_l1,21,1,0,0,0,1,2,-1.0,-1.0
83,4,2,0,0,88.0,56.0,91.0,-1.0,296.0,86.0,2,2,0.82,219.0,305.0,-1,-1,-1,1.0,599482,4,s2_fi2_fu2_b0_l0,72,2,2,2,0,0,2,0.9,7.4
84,1,2,1,0,98.0,61.0,119.0,-1.0,520.0,10.0,3,2,1.0,468.0,478.0,-1,-1,-1,1.0,403369,1,s2_fi3_fu2_b1_l0,82,2,3,2,1,0,2,0.4,3.0
85,4,2,1,0,88.0,56.0,91.0,-1.0,296.0,86.0,1,2,0.34,89.0,175.0,-1,-1,-1,1.0,260706,4,s2_fi1_fu2_b1_l0,66,2,1,2,1,0,2,0.25,3.2
86,2,0,1,0,69.0,42.0,72.0,-1.0,185.0,2.0,1,1,0.34,35.0,37.0,-1,-1,-1,1.0,562350,2,s0_fi1_fu1_b1_l0,6,0,1,1,1,0,2,2.0,9.3
87,3,1,0,1,69.0,39.0,85.0,-1.0,202.0,3.0,2,2,0.82,147.6,150.6,-1,-1,-1,1.0,741264,3,s1_fi2_fu2_b0_l1,45,1,2,2,0,1,2,1.0,15.1
88,7,0,0,1,193.0,193.0,241.0,69.0,3209.397,59.0,1,1,0.34,717.0,776.0,-1,-1,-1,2.0,145605,7,s0_fi1_fu1_b0_l1,5,0,1,1,0,1,2,1.5,3.0
89,4,0,1,0,88.0,56.0,91.0,-1.0,296.0,86.0,0,0,0.0,0.0,86.0,-1,-1,-1,0.0,141327,4,s0_fi0_fu0_b1_l0,2,0,0,0,1,0,2,-1.0,-1.0
90,9,1,0,0,80.0,80.0,131.0,45.0,471.6,15.0,0,0,0.0,0.0,15.0,-1,-1,-1,0.0,67857,9,s1_fi0_fu0_b0_l0,20,1,0,0,0,0,2,-1.0,-1.0
91,9,1,1,0,80.0,80.0,131.0,45.0,471.6,15.0,1,1,0.34,89.0,104.0,-1,-1,-1,2.0,112662,9,s1_fi1_fu1_b1_l0,26,1,1,1,1,0,2,0.7,1.4
92,3,1,0,0,69.0,39.0,85.0,-1.0,202.0,3.0,1,2,0.34,66.0,69.0,-1,-1,-1,1.0,175857,3,s1_fi1_fu2_b0_l0,36,1,1,2,0,0,2,0.9,3.0
93,6,2,1,1,49.0,59.0,175.0,-1.0,128.0,15.0,3,2,1.0,115.0,130.0,-1,-1,-1,1.0,559572,6,s2_fi3_fu2_b1_l1,83,2,3,2,1,1,2,2.6,8.4
94,8,1,0,1,135.0,135.0,164.0,56.0,1239.84,31.0,1,1,0.34,266.0,297.0,-1,-1,-1,2.0,116600,8,s1_fi1_fu1_b0_l1,25,1,1,1,0,1,2,0.6,1.7
95,7,2,0,1,193.0,193.0,241.0,69.0,3209.397,59.0,2,2,0.82,2680.0,2739.0,-1,-1,-1,2.0,218149,7,s2_fi2_fu2_b0_l1,57,2,2,2,0,1,2,0.5,1.5
96,3,0,1,1,69.0,39.0,85.0,-1.0,202.0,3.0,1,2,0.34,66.0,69.0,-1,-1,-1,1.0,503741,3,s0_fi1_fu2_b1_l1,11,0,1,2,1,1,2,0.7,8.0
97,9,0,1,1,80.0,80.0,131.0,45.0,471.6,15.0,1,1,0.34,89.0,104.0,-1,-1,-1,2.0,129906,9,s0_fi1_fu1_b1_l1,7,0,1,1,1,1,2,1.1,2.0
98,4,1,0,1,88.0,56.0,91.0,-1.0,296.0,86.0,1,2,0.34,89.0,175.0,-1,-1,-1,1.0,403811,4,s1_fi1_fu2_b0_l1,37,1,1,2,0,1,2,0.5,7.4
99,5,2,1,0,81.0,67.0,136.0,-1.0,363.0,134.0,0,0,0.0,0.0,134.0,-1,-1,-1,0.0,119101,5,s2_fi0_fu0_b1_l0,58,2,0,0,1,0,2,-1.0,-1.0
100,9,1,0,0,80.0,80.0,131.0,45.0,471.6,15.0,2,2,0.82,347.0,362.0,-1,-1,-1,2.0,85893,9,s1_fi2_fu2_b0_l0,36,1,2,2,0,0,2,0.7,1.6
101,8,2,1,0,135.0,135.0,164.0,56.0,1239.84,31.0,1,2,0.34,478.0,509.0,-1,-1,-1,2.0,150235,8,s2_fi1_fu2_b1_l0,50,2,1,2,1,0,2,0.1,1.3
102,4,1,0,1,88.0,56.0,91.0,-1.0,296.0,86.0,2,2,0.82,219.0,305.0,-1,-1,-1,1.0,623472,4,s1_fi2_fu2_b0_l1,45,1,2,2,0,1,2,0.5,10.5
103,7,0,1,0,193.0,193.0,241.0,69.0,3209.397,59.0,1,2,0.34,1291.0,1350.0,-1,-1,-1,2.0,176122,7,s0_fi1_fu2_b1_l0,10,0,1,2,1,0,2,1.4,2.7
104,7,1,1,1,193.0,193.0,241.0,69.0,3209.397,59.0,1,2,0.34,1291.0,1350.0,-1,-1,-1,2.0,119101,7,s1_fi1_fu2_b1_l1,31,1,1,2,1,1,2,1.0,1.8
105,9,1,1,1,80.0,80.0,131.0,45.0,471.6,15.0,1,2,0.34,159.0,174.0,-1,-1,-1,2.0,96389,9,s1_fi1_fu2_b1_l1,31,1,1,2,1,1,2,0.5,1.3
106,1,1,1,1,98.0,61.0,119.0,-1.0,520.0,10.0,1,1,0.34,109.0,119.0,-1,-1,-1,1.0,260970,1,s1_fi1_fu1_b1_l1,35,1,1,1,1,1,2,1.0,3.5
107,9,2,0,1,80.0,80.0,131.0,45.0,471.6,15.0,2,1,0.82,193.0,208.0,-1,-1,-1,2.0,180532,9,s2_fi2_fu1_b0_l1,53,2,2,1,0,1,2,0.1,1.4
108,3,1,0,1,69.0,39.0,85.0,-1.0,202.0,3.0,3,1,1.0,101.0,104.0,-1,-1,-1,1.0,342644,3,s1_fi3_fu1_b0_l1,49,1,3,1,0,1,2,2.0,4.8
109,8,2,1,1,135.0,135.0,164.0,56.0,1239.84,31.0,1,2,0.34,478.0,509.0,-1,-1,-1,2.0,184766,8,s2_fi1_fu2_b1_l1,51,2,1,2,1,1,2,0.6,1.4
110,4,2,0,0,88.0,56.0,91.0,-1.0,296.0,86.0,3,1,1.0,148.0,234.0,-1,-1,-1,1.0,329678,4,s2_fi3_fu1_b0_l0,76,2,3,1,0,0,2,1.7,3.3
111,4,0,1,1,88.0,56.0,91.0,-1.0,296.0,86.0,2,1,0.82,122.0,208.0,-1,-1,-1,1.0,383877,4,s0_fi2_fu1_b1_l1,15,0,2,1,1,1,2,0.9,3.8
112,7,2,0,0,193.0,193.0,241.0,69.0,3209.397,59.0,1,1,0.34,717.0,776.0,-1,-1,-1,2.0,178327,7,s2_fi1_fu1_b0_l0,44,2,1,1,0,0,2,0.4,1.4
113,5,2,1,0,81.0,67.0,136.0,-1.0,363.0,134.0,3,2,1.0,327.0,461.0,-1,-1,-1,1.0,524556,5,s2_fi3_fu2_b1_l0,82,2,3,2,1,0,2,1.3,8.0
114,2,0,0,0,69.0,42.0,72.0,-1.0,185.0,2.0,0,0,0.0,0.0,2.0,-1,-1,-1,0.0,82895,2,s0_fi0_fu0_b0_l0,0,0,0,0,0,0,2,-1.0,-1.0
115,3,0,0,1,69.0,39.0,85.0,-1.0,202.0,3.0,0,0,0.0,0.0,3.0,-1,-1,-1,0.0,92376,3,s0_fi0_fu0_b0_l1,1,0,0,0,0,1,2,-1.0,-1.0
116,9,1,1,0,80.0,80.0,131.0,45.0,471.6,15.0,2,1,0.82,193.0,208.0,-1,-1,-1,2.0,125495,9,s1_fi2_fu1_b1_l0,34,1,2,1,1,0,2,0.6,1.7
117,6,2,0,0,49.0,59.0,175.0,-1.0,128.0,15.0,3,1,1.0,64.0,79.0,-1,-1,-1,1.0,357549,6,s2_fi3_fu1_b0_l0,76,2,3,1,0,0,2,1.5,4.4
118,5,0,0,0,81.0,67.0,136.0,-1.0,363.0,134.0,3,1,1.0,182.0,316.0,-1,-1,-1,1.0,463169,5,s0_fi3_fu1_b0_l0,20,0,3,1,0,0,2,3.6,7.2
119,1,0,1,1,98.0,61.0,119.0,-1.0,520.0,10.0,0,0,0.0,0.0,10.0,-1,-1,-1,0.0,117116,1,s0_fi0_fu0_b1_l1,3,0,0,0,1,1,2,-1.0,-1.0
120,6,1,0,1,49.0,59.0,175.0,-1.0,128.0,15.0,3,2,1.0,115.0,130.0,-1,-1,-1,1.0,471857,6,s1_fi3_fu2_b0_l1,53,1,3,2,0,1,2,2.0,7.0
121,4,1,1,1,88.0,56.0,91.0,-1.0,296.0,86.0,2,2,0.82,219.0,305.0,-1,-1,-1,1.0,445308,4,s1_fi2_fu2_b1_l1,47,1,2,2,1,1,2,0.7,7.7
122,6,1,1,1,49.0,59.0,175.0,-1.0,128.0,15.0,3,2,1.0,115.0,130.0,-1,-1,-1,1.0,501580,6,s1_fi3_fu2_b1_l1,55,1,3,2,1,1,2,1.4,7.6
123,9,2,1,1,80.0,80.0,131.0,45.0,471.6,15.0,1,2,0.34,159.0,174.0,-1,-1,-1,2.0,172683,9,s2_fi1_fu2_b1_l1,51,2,1,2,1,1,2,0.5,1.4
124,2,1,0,0,69.0,42.0,72.0,-1.0,185.0,2.0,1,1,0.34,35.0,37.0,-1,-1,-1,1.0,180267,2,s1_fi1_fu1_b0_l0,32,1,1,1,0,0,2,0.6,3.1
125,6,0,1,1,49.0,59.0,175.0,-1.0,128.0,15.0,1,2,0.34,39.0,54.0,-1,-1,-1,1.0,558028,6,s0_fi1_fu2_b1_l1,11,0,1,2,1,1,2,2.2,8.0
126,1,2,1,1,98.0,61.0,119.0,-1.0,520.0,10.0,1,2,0.34,195.0,205.0,-1,-1,-1,1.0,775176,1,s2_fi1_fu2_b1_l1,67,2,1,2,1,1,2,0.8,13.0
127,7,2,1,1,193.0,193.0,241.0,69.0,3209.397,59.0,1,1,0.34,717.0,776.0,-1,-1,-1,2.0,200906,7,s2_fi1_fu1_b1_l1,47,2,1,1,1,1,2,0.7,1.8
128,8,2,0,1,135.0,135.0,164.0,56.0,1239.84,31.0,0,0,0.0,0.0,31.0,-1,-1,-1,0.0,175416,8,s2_fi0_fu0_b0_l1,41,2,0,0,0,1,2,-1.0,-1.0
129,8,0,0,0,135.0,135.0,164.0,56.0,1239.84,31.0,2,2,0.82,1084.0,1115.0,-1,-1,-1,2.0,123511,8,s0_fi2_fu2_b0_l0,16,0,2,2,0,0,2,0.8,2.3
130,3,1,1,1,69.0,39.0,85.0,-1.0,202.0,3.0,2,2,0.82,147.6,150.6,-1,-1,-1,1.0,543652,3,s1_fi2_fu2_b1_l1,47,1,2,2,1,1,2,0.5,9.0
131,3,0,0,0,69.0,39.0,85.0,-1.0,202.0,3.0,1,2,0.34,66.0,69.0,-1,-1,-1,1.0,570685,3,s0_fi1_fu2_b0_l0,8,0,1,2,0,0,2,1.5,8.7
132,5,2,1,1,81.0,67.0,136.0,-1.0,363.0,134.0,1,1,0.34,71.0,205.0,-1,-1,-1,1.0,310230,5,s2_fi1_fu1_b1_l1,63,2,1,1,1,1,2,0.6,3.5
133,1,0,0,0,98.0,61.0,119.0,-1.0,520.0,10.0,3,2,1.0,468.0,478.0,-1,-1,-1,1.0,610154,1,s0_fi3_fu2_b0_l0,24,0,3,2,0,0,2,3.4,8.6
134,3,2,0,1,69.0,39.0,85.0,-1.0,202.0,3.0,2,1,0.82,82.0,85.0,-1,-1,-1,1.0,361518,3,s2_fi2_fu1_b0_l1,69,2,2,1,0,1,2,0.2,2.8
135,8,2,0,0,135.0,135.0,164.0,56.0,1239.84,31.0,2,2,0.82,1084.0,1115.0,-1,-1,-1,2.0,216826,8,s2_fi2_fu2_b0_l0,56,2,2,2,0,0,2,0.4,1.5
136,4,2,1,0,88.0,56.0,91.0,-1.0,296.0,86.0,1,1,0.34,45.0,131.0,-1,-1,-1,1.0,222339,4,s2_fi1_fu1_b1_l0,62,2,1,1,1,0,2,0.4,1.8
137,5,1,1,0,81.0,67.0,136.0,-1.0,363.0,134.0,3,1,1.0,182.0,316.0,-1,-1,-1,1.0,235172,5,s1_fi3_fu1_b1_l0,50,1,3,1,1,0,2,1.3,4.0
138,2,0,0,0,69.0,42.0,72.0,-1.0,185.0,2.0,2,2,0.82,137.0,139.0,-1,-1,-1,1.0,721374,2,s0_fi2_fu2_b0_l0,16,0,2,2,0,0,2,2.0,12.0
139,6,1,1,1,49.0,59.0,175.0,-1.0,128.0,15.0,2,1,0.82,53.0,68.0,-1,-1,-1,1.0,356403,6,s1_fi2_fu1_b1_l1,43,1,2,1,1,1,2,2.0,6.0
140,6,2,0,0,49.0,59.0,175.0,-1.0,128.0,15.0,1,1,0.34,22.0,37.0,-1,-1,-1,1.0,470798,6,s2_fi1_fu1_b0_l0,60,2,1,1,0,0,2,1.3,6.6
141,1,0,1,0,98.0,61.0,119.0,-1.0,520.0,10.0,2,1,0.82,222.0,232.0,-1,-1,-1,1.0,564952,1,s0_fi2_fu1_b1_l0,14,0,2,1,1,0,2,1.8,8.4
142,2,2,1,0,69.0,42.0,72.0,-1.0,185.0,2.0,1,1,0.34,35.0,37.0,-1,-1,-1,1.0,283153,2,s2_fi1_fu1_b1_l0,62,2,1,1,1,0,2,0.2,3.5
143,7,1,1,0,193.0,193.0,241.0,69.0,3209.397,59.0,2,1,0.82,1489.0,1548.0,-1,-1,-1,2.0,125672,7,s1_fi2_fu1_b1_l0,34,1,2,1,1,0,2,0.6,1.5
144,5,1,1,1,81.0,67.0,136.0,-1.0,363.0,134.0,2,2,0.82,262.0,396.0,-1,-1,-1,1.0,519000,5,s1_fi2_fu2_b1_l1,47,1,2,2,1,1,2,2.0,9.0
145,3,2,0,0,69.0,39.0,85.0,-1.0,202.0,3.0,3,1,1.0,101.0,104.0,-1,-1,-1,1.0,314552,3,s2_fi3_fu1_b0_l0,76,2,3,1,0,0,2,1.3,2.9
146,6,0,0,1,49.0,59.0,175.0,-1.0,128.0,15.0,3,1,1.0,64.0,79.0,-1,-1,-1,1.0,492407,6,s0_fi3_fu1_b0_l1,21,0,3,1,0,1,2,4.0,7.0
147,1,1,1,1,98.0,61.0,119.0,-1.0,520.0,10.0,3,2,1.0,468.0,478.0,-1,-1,-1,1.0,617078,1,s1_fi3_fu2_b1_l1,55,1,3,2,1,1,2,1.8,5.5
148,9,0,0,1,80.0,80.0,131.0,45.0,471.6,15.0,0,0,0.0,0.0,15.0,-1,-1,-1,0.0,122188,9,s0_fi0_fu0_b0_l1,1,0,0,0,0,1,2,-1.0,-1.0
149,1,1,0,1,98.0,61.0,119.0,-1.0,520.0,10.0,1,2,0.34,195.0,205.0,-1,-1,-1,1.0,716259,1,s1_fi1_fu2_b0_l1,37,1,1,2,0,1,2,0.5,13.7
150,6,1,0,1,49.0,59.0,175.0,-1.0,128.0,15.0,0,0,0.0,0.0,15.0,-1,-1,-1,0.0,78176,6,s1_fi0_fu0_b0_l1,29,1,0,0,0,1,2,-1.0,-1.0
151,2,2,0,1,69.0,42.0,72.0,-1.0,185.0,2.0,0,0,0.0,0.0,2.0,-1,-1,-1,0.0,152749,2,s2_fi0_fu0_b0_l1,57,2,0,0,0,1,2,-1.0,-1.0
152,1,0,0,1,98.0,61.0,119.0,-1.0,520.0,10.0,2,2,0.82,399.0,409.0,-1,-1,-1,1.0,698707,1,s0_fi2_fu2_b0_l1,17,0,2,2,0,1,2,2.1,13.0
153,5,2,1,0,81.0,67.0,136.0,-1.0,363.0,134.0,3,1,1.0,182.0,316.0,-1,-1,-1,1.0,260882,5,s2_fi3_fu1_b1_l0,78,2,3,1,1,0,2,0.5,3.1
154,3,2,0,1,69.0,39.0,85.0,-1.0,202.0,3.0,0,0,0.0,0.0,3.0,-1,-1,-1,0.0,138650,3,s2_fi0_fu0_b0_l1,57,2,0,0,0,1,2,-1.0,-1.0
155,9,2,1,1,80.0,80.0,131.0,45.0,471.6,15.0,1,1,0.34,89.0,104.0,-1,-1,-1,2.0,180930,9,s2_fi1_fu1_b1_l1,47,2,1,1,1,1,2,0.8,1.8
156,2,2,1,0,69.0,42.0,72.0,-1.0,185.0,2.0,0,0,0.0,0.0,2.0,-1,-1,-1,0.0,125496,2,s2_fi0_fu0_b1_l0,58,2,0,0,1,0,2,-1.0,-1.0
157,2,2,0,0,69.0,42.0,72.0,-1.0,185.0,2.0,3,2,1.0,167.0,169.0,-1,-1,-1,1.0,498846,2,s2_fi3_fu2_b0_l0,80,2,3,2,0,0,2,2.6,6.4
158,7,1,0,0,193.0,193.0,241.0,69.0,3209.397,59.0,1,2,0.34,1291.0,1350.0,-1,-1,-1,2.0,115617,7,s1_fi1_fu2_b0_l0,28,1,1,2,0,0,2,1.0,2.4
159,4,1,0,1,88.0,56.0,91.0,-1.0,296.0,86.0,3,2,1.0,266.0,352.0,-1,-1,-1,1.0,444735,4,s1_fi3_fu2_b0_l1,53,1,3,2,0,1,2,1.7,5.4
160,5,2,0,1,81.0,67.0,136.0,-1.0,363.0,134.0,3,2,1.0,327.0,461.0,-1,-1,-1,1.0,350141,5,s2_fi3_fu2_b0_l1,81,2,3,2,0,1,2,0.5,4.0
161,8,2,1,0,135.0,135.0,164.0,56.0,1239.84,31.0,0,0,0.0,0.0,31.0,-1,-1,-1,0.0,154557,8,s2_fi0_fu0_b1_l0,42,2,0,0,1,0,2,-1.0,-1.0
162,3,1,1,0,69.0,39.0,85.0,-1.0,202.0,3.0,3,2,1.0,182.0,185.0,-1,-1,-1,1.0,412807,3,s1_fi3_fu2_b1_l0,54,1,3,2,1,0,2,1.4,3.1
163,1,0,0,0,98.0,61.0,119.0,-1.0,520.0,10.0,2,2,0.82,399.0,409.0,-1,-1,-1,1.0,562614,1,s0_fi2_fu2_b0_l0,16,0,2,2,0,0,2,1.8,8.9
164,2,1,1,1,69.0,42.0,72.0,-1.0,185.0,2.0,2,2,0.82,137.0,139.0,-1,-1,-1,1.0,518603,2,s1_fi2_fu2_b1_l1,47,1,2,2,1,1,2,0.7,8.75
165,8,0,1,1,135.0,135.0,164.0,56.0,1239.84,31.0,2,2,0.82,1084.0,1115.0,-1,-1,-1,2.0,147370,8,s0_fi2_fu2_b1_l1,19,0,2,2,1,1,2,1.0,2.0
166,1,1,0,0,98.0,61.0,119.0,-1.0,520.0,10.0,3,1,1.0,260.0,270.0,-1,-1,-1,1.0,175637,1,s1_fi3_fu1_b0_l0,48,1,3,1,0,0,2,1.2,2.8
167,3,2,0,1,69.0,39.0,85.0,-1.0,202.0,3.0,1,2,0.34,66.0,69.0,-1,-1,-1,1.0,372411,3,s2_fi1_fu2_b0_l1,65,2,1,2,0,1,2,0.3,4.1
168,9,1,1,0,80.0,80.0,131.0,45.0,471.6,15.0,2,2,0.82,347.0,362.0,-1,-1,-1,2.0,120821,9,s1_fi2_fu2_b1_l0,38,1,2,2,1,0,2,0.7,1.7
169,8,0,0,1,135.0,135.0,164.0,56.0,1239.84,31.0,2,2,0.82,1084.0,1115.0,-1,-1,-1,2.0,125773,8,s0_fi2_fu2_b0_l1,17,0,2,2,0,1,2,1.0,2.0
170,3,0,0,0,69.0,39.0,85.0,-1.0,202.0,3.0,3,1,1.0,101.0,104.0,-1,-1,-1,1.0,424008,3,s0_fi3_fu1_b0_l0,20,0,3,1,0,0,2,3.5,5.6
171,8,0,0,1,135.0,135.0,164.0,56.0,1239.84,31.0,1,1,0.34,266.0,297.0,-1,-1,-1,2.0,135153,8,s0_fi1_fu1_b0_l1,5,0,1,1,0,1,2,1.2,2.1
172,1,1,0,0,98.0,61.0,119.0,-1.0,520.0,10.0,1,2,0.34,195.0,205.0,-1,-1,-1,1.0,246506,1,s1_fi1_fu2_b0_l0,36,1,1,2,0,0,2,0.7,2.5
173,2,2,0,1,69.0,42.0,72.0,-1.0,185.0,2.0,2,2,0.82,137.0,139.0,-1,-1,-1,1.0,628412,2,s2_fi2_fu2_b0_l1,73,2,2,2,0,1,2,0.6,8.0
174,9,0,0,1,80.0,80.0,131.0,45.0,471.6,15.0,1,2,0.34,159.0,174.0,-1,-1,-1,2.0,115749,9,s0_fi1_fu2_b0_l1,9,0,1,2,0,1,2,1.0,1.7
175,5,2,1,1,81.0,67.0,136.0,-1.0,363.0,134.0,2,1,0.82,146.0,280.0,-1,-1,-1,1.0,421891,5,s2_fi2_fu1_b1_l1,71,2,2,1,1,1,2,1.1,5.2
176,8,2,1,0,135.0,135.0,164.0,56.0,1239.84,31.0,1,1,0.34,266.0,297.0,-1,-1,-1,2.0,150192,8,s2_fi1_fu1_b1_l0,46,2,1,1,1,0,2,0.2,1.0
177,2,1,1,0,69.0,42.0,72.0,-1.0,185.0,2.0,3,1,1.0,93.0,95.0,-1,-1,-1,1.0,250431,2,s1_fi3_fu1_b1_l0,50,1,3,1,1,0,2,1.7,3.2
178,3,0,0,0,69.0,39.0,85.0,-1.0,202.0,3.0,0,0,0.0,0.0,3.0,-1,-1,-1,0.0,75486,3,s0_fi0_fu0_b0_l0,0,0,0,0,0,0,2,-1.0,-1.0
179,2,0,0,0,69.0,42.0,72.0,-1.0,185.0,2.0,3,1,1.0,93.0,95.0,-1,-1,-1,1.0,402311,2,s0_fi3_fu1_b0_l0,20,0,3,1,0,0,2,3.0,4.9
180,5,1,0,1,81.0,67.0,136.0,-1.0,363.0,134.0,0,0,0.0,0.0,134.0,-1,-1,-1,0.0,71693,5,s1_fi0_fu0_b0_l1,29,1,0,0,0,1,2,-1.0,-1.0
181,8,0,0,0,135.0,135.0,164.0,56.0,1239.84,31.0,1,1,0.34,266.0,297.0,-1,-1,-1,2.0,133786,8,s0_fi1_fu1_b0_l0,4,0,1,1,0,0,2,1.2,2.5
182,4,0,1,1,88.0,56.0,91.0,-1.0,296.0,86.0,1,1,0.34,45.0,131.0,-1,-1,-1,1.0,247123,4,s0_fi1_fu1_b1_l1,7,0,1,1,1,1,2,0.9,2.7
183,4,0,0,1,88.0,56.0,91.0,-1.0,296.0,86.0,2,2,0.82,219.0,305.0,-1,-1,-1,1.0,626339,4,s0_fi2_fu2_b0_l1,17,0,2,2,0,1,2,1.8,10.0
184,3,1,1,0,69.0,39.0,85.0,-1.0,202.0,3.0,3,1,1.0,101.0,104.0,-1,-1,-1,1.0,201568,3,s1_fi3_fu1_b1_l0,50,1,3,1,1,0,2,0.7,2.2
185,3,2,1,0,69.0,39.0,85.0,-1.0,202.0,3.0,2,1,0.82,82.0,85.0,-1,-1,-1,1.0,287960,3,s2_fi2_fu1_b1_l0,70,2,2,1,1,0,2,0.3,3.7
186,3,1,0,1,69.0,39.0,85.0,-1.0,202.0,3.0,3,2,1.0,182.0,185.0,-1,-1,-1,1.0,484822,3,s1_fi3_fu2_b0_l1,53,1,3,2,0,1,2,1.8,3.2
187,3,2,0,0,69.0,39.0,85.0,-1.0,202.0,3.0,2,2,0.82,147.6,150.6,-1,-1,-1,1.0,1020593,3,s2_fi2_fu2_b0_l0,72,2,2,2,0,0,2,0.6,10.5
188,5,1,0,1,81.0,67.0,136.0,-1.0,363.0,134.0,1,1,0.34,71.0,205.0,-1,-1,-1,1.0,230277,5,s1_fi1_fu1_b0_l1,33,1,1,1,0,1,2,1.5,3.3
189,1,1,0,0,98.0,61.0,119.0,-1.0,520.0,10.0,1,1,0.34,109.0,119.0,-1,-1,-1,1.0,136035,1,s1_fi1_fu1_b0_l0,32,1,1,1,0,0,2,0.6,2.2
190,4,0,0,0,88.0,56.0,91.0,-1.0,296.0,86.0,1,1,0.34,45.0,131.0,-1,-1,-1,1.0,351420,4,s0_fi1_fu1_b0_l0,4,0,1,1,0,0,2,2.3,4.8
191,5,2,1,1,81.0,67.0,136.0,-1.0,363.0,134.0,3,2,1.0,327.0,461.0,-1,-1,-1,1.0,548326,5,s2_fi3_fu2_b1_l1,83,2,3,2,1,1,2,1.8,6.4
192,1,2,0,1,98.0,61.0,119.0,-1.0,520.0,10.0,2,2,0.82,399.0,409.0,-1,-1,-1,1.0,1012567,1,s2_fi2_fu2_b0_l1,73,2,2,2,0,1,2,0.9,11.5
193,5,0,0,1,81.0,67.0,136.0,-1.0,363.0,134.0,2,2,0.82,262.0,396.0,-1,-1,-1,1.0,837931,5,s0_fi2_fu2_b0_l1,17,0,2,2,0,1,2,3.6,16.4
194,7,1,0,0,193.0,193.0,241.0,69.0,3209.397,59.0,1,1,0.34,717.0,776.0,-1,-1,-1,2.0,94008,7,s1_fi1_fu1_b0_l0,24,1,1,1,0,0,2,0.6,2.0
195,4,0,0,1,88.0,56.0,91.0,-1.0,296.0,86.0,0,0,0.0,0.0,86.0,-1,-1,-1,0.0,84482,4,s0_fi0_fu0_b0_l1,1,0,0,0,0,1,2,-1.0,-1.0
196,7,2,1,0,193.0,193.0,241.0,69.0,3209.397,59.0,0,0,0.0,0.0,59.0,-1,-1,-1,0.0,149353,7,s2_fi0_fu0_b1_l0,42,2,0,0,1,0,2,-1.0,-1.0
197,8,0,1,0,135.0,135.0,164.0,56.0,1239.84,31.0,2,2,0.82,1084.0,1115.0,-1,-1,-1,2.0,152661,8,s0_fi2_fu2_b1_l0,18,0,2,2,1,0,2,1.6,2.3
198,3,2,0,1,69.0,39.0,85.0,-1.0,202.0,3.0,1,1,0.34,36.0,39.0,-1,-1,-1,1.0,298852,3,s2_fi1_fu1_b0_l1,61,2,1,1,0,1,2,0.6,2.4
199,4,1,0,0,88.0,56.0,91.0,-1.0,296.0,86.0,3,1,1.0,148.0,234.0,-1,-1,-1,1.0,187588,4,s1_fi3_fu1_b0_l0,48,1,3,1,0,0,2,1.2,2.7
200,8,1,1,1,135.0,135.0,164.0,56.0,1239.84,31.0,1,1,0.34,266.0,297.0,-1,-1,-1,2.0,106003,8,s1_fi1_fu1_b1_l1,27,1,1,1,1,1,2,0.6,1.4
201,4,2,0,0,88.0,56.0,91.0,-1.0,296.0,86.0,1,1,0.34,45.0,131.0,-1,-1,-1,1.0,354066,4,s2_fi1_fu1_b0_l0,60,2,1,1,0,0,2,1.2,3.8
202,4,0,0,0,88.0,56.0,91.0,-1.0,296.0,86.0,0,0,0.0,0.0,86.0,-1,-1,-1,0.0,91847,4,s0_fi0_fu0_b0_l0,0,0,0,0,0,0,2,-1.0,-1.0
203,2,0,0,1,69.0,42.0,72.0,-1.0,185.0,2.0,3,2,1.0,167.0,169.0,-1,-1,-1,1.0,439796,2,s0_fi3_fu2_b0_l1,25,0,3,2,0,1,2,2.5,5.5
204,7,0,0,0,193.0,193.0,241.0,69.0,3209.397,59.0,2,2,0.82,2680.0,2739.0,-1,-1,-1,2.0,153675,7,s0_fi2_fu2_b0_l0,16,0,2,2,0,0,2,1.2,2.3
205,6,0,0,1,49.0,59.0,175.0,-1.0,128.0,15.0,0,0,0.0,0.0,15.0,-1,-1,-1,0.0,135021,6,s0_fi0_fu0_b0_l1,1,0,0,0,0,1,2,-1.0,-1.0
206,5,0,1,1,81.0,67.0,136.0,-1.0,363.0,134.0,2,1,0.82,146.0,280.0,-1,-1,-1,1.0,431505,5,s0_fi2_fu1_b1_l1,15,0,2,1,1,1,2,1.6,6.8
207,7,0,0,0,193.0,193.0,241.0,69.0,3209.397,59.0,2,1,0.82,1489.0,1548.0,-1,-1,-1,2.0,137976,7,s0_fi2_fu1_b0_l0,12,0,2,1,0,0,2,1.3,2.6
208,5,0,1,1,81.0,67.0,136.0,-1.0,363.0,134.0,1,2,0.34,128.0,262.0,-1,-1,-1,1.0,560189,5,s0_fi1_fu2_b1_l1,11,0,1,2,1,1,2,2.0,9.5
209,3,2,1,1,69.0,39.0,85.0,-1.0,202.0,3.0,2,2,0.82,147.6,150.6,-1,-1,-1,1.0,607905,3,s2_fi2_fu2_b1_l1,75,2,2,2,1,1,2,0.7,9.8
210,2,1,1,1,69.0,42.0,72.0,-1.0,185.0,2.0,3,1,1.0,93.0,95.0,-1,-1,-1,1.0,258016,2,s1_fi3_fu1_b1_l1,51,1,3,1,1,1,2,1.35,2.5
211,1,0,0,1,98.0,61.0,119.0,-1.0,520.0,10.0,1,2,0.34,195.0,205.0,-1,-1,-1,1.0,678509,1,s0_fi1_fu2_b0_l1,9,0,1,2,0,1,2,1.5,12.0
212,2,2,1,1,69.0,42.0,72.0,-1.0,185.0,2.0,2,1,0.82,76.0,78.0,-1,-1,-1,1.0,349876,2,s2_fi2_fu1_b1_l1,71,2,2,1,1,1,2,0.4,4.1
213,3,1,1,1,69.0,39.0,85.0,-1.0,202.0,3.0,0,0,0.0,0.0,3.0,-1,-1,-1,0.0,83071,3,s1_fi0_fu0_b1_l1,31,1,0,0,1,1,2,-1.0,-1.0
214,9,2,0,0,80.0,80.0,131.0,45.0,471.6,15.0,2,2,0.82,347.0,362.0,-1,-1,-1,2.0,197070,9,s2_fi2_fu2_b0_l0,56,2,2,2,0,0,2,0.6,1.6
215,7,1,0,0,193.0,193.0,241.0,69.0,3209.397,59.0,2,2,0.82,2680.0,2739.0,-1,-1,-1,2.0,121218,7,s1_fi2_fu2_b0_l0,36,1,2,2,0,0,2,0.8,2.0
216,6,2,1,0,49.0,59.0,175.0,-1.0,128.0,15.0,3,1,1.0,64.0,79.0,-1,-1,-1,1.0,333735,6,s2_fi3_fu1_b1_l0,78,2,3,1,1,0,2,0.9,4.8
217,6,0,0,0,49.0,59.0,175.0,-1.0,128.0,15.0,0,0,0.0,0.0,15.0,-1,-1,-1,0.0,100182,6,s0_fi0_fu0_b0_l0,0,0,0,0,0,0,2,-1.0,-1.0
218,6,2,1,1,49.0,59.0,175.0,-1.0,128.0,15.0,1,2,0.34,39.0,54.0,-1,-1,-1,1.0,893673,6,s2_fi1_fu2_b1_l1,67,2,1,2,1,1,2,3.0,14.4
219,6,1,1,0,49.0,59.0,175.0,-1.0,128.0,15.0,3,1,1.0,64.0,79.0,-1,-1,-1,1.0,292414,6,s1_fi3_fu1_b1_l0,50,1,3,1,1,0,2,1.0,4.2
220,1,2,0,1,98.0,61.0,119.0,-1.0,520.0,10.0,0,0,0.0,0.0,10.0,-1,-1,-1,0.0,215239,1,s2_fi0_fu0_b0_l1,57,2,0,0,0,1,2,-1.0,-1.0
221,3,1,0,1,69.0,39.0,85.0,-1.0,202.0,3.0,1,2,0.34,66.0,69.0,-1,-1,-1,1.0,473841,3,s1_fi1_fu2_b0_l1,37,1,1,2,0,1,2,0.8,9.0
222,6,2,0,1,49.0,59.0,175.0,-1.0,128.0,15.0,0,0,0.0,0.0,15.0,-1,-1,-1,0.0,139607,6,s2_fi0_fu0_b0_l1,57,2,0,0,0,1,2,-1.0,-1.0
223,9,1,0,0,80.0,80.0,131.0,45.0,471.6,15.0,2,1,0.82,193.0,208.0,-1,-1,-1,2.0,88363,9,s1_fi2_fu1_b0_l0,32,1,2,1,0,0,2,0.7,1.5
224,4,1,0,1,88.0,56.0,91.0,-1.0,296.0,86.0,1,1,0.34,45.0,131.0,-1,-1,-1,1.0,228601,4,s1_fi1_fu1_b0_l1,33,1,1,1,0,1,2,1.0,3.6
225,4,1,1,1,88.0,56.0,91.0,-1.0,296.0,86.0,1,2,0.34,89.0,175.0,-1,-1,-1,1.0,273098,4,s1_fi1_fu2_b1_l1,39,1,1,2,1,1,2,0.4,4.5
226,2,2,0,1,69.0,42.0,72.0,-1.0,185.0,2.0,1,1,0.34,35.0,37.0,-1,-1,-1,1.0,284873,2,s2_fi1_fu1_b0_l1,61,2,1,1,0,1,2,0.2,2.4
227,1,0,0,0,98.0,61.0,119.0,-1.0,520.0,10.0,1,1,0.34,109.0,119.0,-1,-1,-1,1.0,383348,1,s0_fi1_fu1_b0_l0,4,0,1,1,0,0,2,2.1,5.2
228,6,0,0,0,49.0,59.0,175.0,-1.0,128.0,15.0,1,1,0.34,22.0,37.0,-1,-1,-1,1.0,434283,6,s0_fi1_fu1_b0_l0,4,0,1,1,0,0,2,1.8,6.6
229,2,0,0,0,69.0,42.0,72.0,-1.0,185.0,2.0,1,1,0.34,35.0,37.0,-1,-1,-1,1.0,493334,2,s0_fi1_fu1_b0_l0,4,0,1,1,0,0,2,1.8,6.6
230,9,1,1,1,80.0,80.0,131.0,45.0,471.6,15.0,2,2,0.82,347.0,362.0,-1,-1,-1,2.0,106224,9,s1_fi2_fu2_b1_l1,39,1,2,2,1,1,2,0.5,1.4
231,1,2,0,1,98.0,61.0,119.0,-1.0,520.0,10.0,2,1,0.82,222.0,232.0,-1,-1,-1,1.0,516530,1,s2_fi2_fu1_b0_l1,69,2,2,1,0,1,2,0.3,6.5
232,5,1,0,0,81.0,67.0,136.0,-1.0,363.0,134.0,1,1,0.34,71.0,205.0,-1,-1,-1,1.0,132948,5,s1_fi1_fu1_b0_l0,32,1,1,1,0,0,2,1.2,1.9
233,1,2,1,1,98.0,61.0,119.0,-1.0,520.0,10.0,2,2,0.82,399.0,409.0,-1,-1,-1,1.0,616769,1,s2_fi2_fu2_b1_l1,75,2,2,2,1,1,2,0.8,8.5
234,8,2,0,0,135.0,135.0,164.0,56.0,1239.84,31.0,1,1,0.34,266.0,297.0,-1,-1,-1,2.0,210035,8,s2_fi1_fu1_b0_l0,44,2,1,1,0,0,2,0.5,1.6
235,8,0,1,1,135.0,135.0,164.0,56.0,1239.84,31.0,2,1,0.82,602.0,633.0,-1,-1,-1,2.0,168140,8,s0_fi2_fu1_b1_l1,15,0,2,1,1,1,2,1.4,2.4
236,8,0,0,0,135.0,135.0,164.0,56.0,1239.84,31.0,2,1,0.82,602.0,633.0,-1,-1,-1,2.0,137226,8,s0_fi2_fu1_b0_l0,12,0,2,1,0,0,2,0.9,2.3
237,4,0,1,0,88.0,56.0,91.0,-1.0,296.0,86.0,3,2,1.0,266.0,352.0,-1,-1,-1,1.0,671321,4,s0_fi3_fu2_b1_l0,26,0,3,2,1,0,2,2.4,8.5
238,2,0,1,1,69.0,42.0,72.0,-1.0,185.0,2.0,1,2,0.34,63.0,65.0,-1,-1,-1,1.0,515648,2,s0_fi1_fu2_b1_l1,11,0,1,2,1,1,2,0.8,7.75
239,1,1,1,0,98.0,61.0,119.0,-1.0,520.0,10.0,1,1,0.34,109.0,119.0,-1,-1,-1,1.0,248446,1,s1_fi1_fu1_b1_l0,34,1,1,1,1,0,2,0.9,3.9
240,3,2,0,0,69.0,39.0,85.0,-1.0,202.0,3.0,3,2,1.0,182.0,185.0,-1,-1,-1,1.0,412366,3,s2_fi3_fu2_b0_l0,80,2,3,2,0,0,2,1.3,5.0
241,2,2,0,1,69.0,42.0,72.0,-1.0,185.0,2.0,3,2,1.0,167.0,169.0,-1,-1,-1,1.0,419907,2,s2_fi3_fu2_b0_l1,81,2,3,2,0,1,2,1.2,2.4
242,5,1,1,1,81.0,67.0,136.0,-1.0,363.0,134.0,3,2,1.0,327.0,461.0,-1,-1,-1,1.0,382069,5,s1_fi3_fu2_b1_l1,55,1,3,2,1,1,2,1.2,5.2
243,9,2,1,1,80.0,80.0,131.0,45.0,471.6,15.0,2,2,0.82,347.0,362.0,-1,-1,-1,2.0,165979,9,s2_fi2_fu2_b1_l1,59,2,2,2,1,1,2,0.4,1.5
244,5,1,1,1,81.0,67.0,136.0,-1.0,363.0,134.0,2,1,0.82,146.0,280.0,-1,-1,-1,1.0,256737,5,s1_fi2_fu1_b1_l1,43,1,2,1,1,1,2,1.4,3.5
245,5,1,1,1,81.0,67.0,136.0,-1.0,363.0,134.0,0,0,0.0,0.0,134.0,-1,-1,-1,0.0,68342,5,s1_fi0_fu0_b1_l1,31,1,0,0,1,1,2,-1.0,-1.0
246,2,0,1,0,69.0,42.0,72.0,-1.0,185.0,2.0,2,2,0.82,137.0,139.0,-1,-1,-1,1.0,1019182,2,s0_fi2_fu2_b1_l0,18,0,2,2,1,0,2,2.1,17.5
247,2,0,1,0,69.0,42.0,72.0,-1.0,185.0,2.0,2,1,0.82,76.0,78.0,-1,-1,-1,1.0,583959,2,s0_fi2_fu1_b1_l0,14,0,2,1,1,0,2,2.1,9.2
248,1,0,1,1,98.0,61.0,119.0,-1.0,520.0,10.0,3,1,1.0,260.0,270.0,-1,-1,-1,1.0,372588,1,s0_fi3_fu1_b1_l1,23,0,3,1,1,1,2,1.4,3.6
249,2,0,0,0,69.0,42.0,72.0,-1.0,185.0,2.0,2,1,0.82,76.0,78.0,-1,-1,-1,1.0,489276,2,s0_fi2_fu1_b0_l0,12,0,2,1,0,0,2,1.9,6.7
250,4,1,1,0,88.0,56.0,91.0,-1.0,296.0,86.0,3,2,1.0,266.0,352.0,-1,-1,-1,1.0,308025,4,s1_fi3_fu2_b1_l0,54,1,3,2,1,0,2,1.2,2.4
251,4,2,1,0,88.0,56.0,91.0,-1.0,296.0,86.0,3,1,1.0,148.0,234.0,-1,-1,-1,1.0,265292,4,s2_fi3_fu1_b1_l0,78,2,3,1,1,0,2,1.0,2.25
252,1,2,0,0,98.0,61.0,119.0,-1.0,520.0,10.0,2,2,0.82,399.0,409.0,-1,-1,-1,1.0,1158626,1,s2_fi2_fu2_b0_l0,72,2,2,2,0,0,2,1.3,15.5
253,4,0,0,1,88.0,56.0,91.0,-1.0,296.0,86.0,1,2,0.34,89.0,175.0,-1,-1,-1,1.0,417658,4,s0_fi1_fu2_b0_l1,9,0,1,2,0,1,2,1.3,7.1
254,4,2,0,1,88.0,56.0,91.0,-1.0,296.0,86.0,0,0,0.0,0.0,86.0,-1,-1,-1,0.0,122276,4,s2_fi0_fu0_b0_l1,57,2,0,0,0,1,2,-1.0,-1.0
255,2,1,0,0,69.0,42.0,72.0,-1.0,185.0,2.0,2,1,0.82,76.0,78.0,-1,-1,-1,1.0,175725,2,s1_fi2_fu1_b0_l0,40,1,2,1,0,0,2,0.3,2.8
256,4,0,0,1,88.0,56.0,91.0,-1.0,296.0,86.0,3,2,1.0,266.0,352.0,-1,-1,-1,1.0,438738,4,s0_fi3_fu2_b0_l1,25,0,3,2,0,1,2,2.7,4.1
257,8,1,0,0,135.0,135.0,164.0,56.0,1239.84,31.0,1,1,0.34,266.0,297.0,-1,-1,-1,2.0,95154,8,s1_fi1_fu1_b0_l0,24,1,1,1,0,0,2,0.6,1.5
258,9,2,0,0,80.0,80.0,131.0,45.0,471.6,15.0,1,2,0.34,159.0,174.0,-1,-1,-1,2.0,193013,9,s2_fi1_fu2_b0_l0,48,2,1,2,0,0,2,0.6,1.7
259,3,2,1,0,69.0,39.0,85.0,-1.0,202.0,3.0,3,1,1.0,101.0,104.0,-1,-1,-1,1.0,356447,3,s2_fi3_fu1_b1_l0,78,2,3,1,1,0,2,1.6,3.1
260,2,2,1,1,69.0,42.0,72.0,-1.0,185.0,2.0,0,0,0.0,0.0,2.0,-1,-1,-1,0.0,144017,2,s2_fi0_fu0_b1_l1,59,2,0,0,1,1,2,-1.0,-1.0
261,7,2,1,0,193.0,193.0,241.0,69.0,3209.397,59.0,1,2,0.34,1291.0,1350.0,-1,-1,-1,2.0,159761,7,s2_fi1_fu2_b1_l0,50,2,1,2,1,0,2,0.1,1.4
262,1,2,0,0,98.0,61.0,119.0,-1.0,520.0,10.0,3,2,1.0,468.0,478.0,-1,-1,-1,1.0,559219,1,s2_fi3_fu2_b0_l0,80,2,3,2,0,0,2,2.1,7.4
263,4,1,1,0,88.0,56.0,91.0,-1.0,296.0,86.0,0,0,0.0,0.0,86.0,-1,-1,-1,0.0,59037,4,s1_fi0_fu0_b1_l0,30,1,0,0,1,0,2,-1.0,-1.0
264,5,1,0,1,81.0,67.0,136.0,-1.0,363.0,134.0,3,2,1.0,327.0,461.0,-1,-1,-1,1.0,447910,5,s1_fi3_fu2_b0_l1,53,1,3,2,0,1,2,1.8,8.0
265,6,2,0,1,49.0,59.0,175.0,-1.0,128.0,15.0,3,2,1.0,115.0,130.0,-1,-1,-1,1.0,370190,6,s2_fi3_fu2_b0_l1,81,2,3,2,0,1,2,1.2,5.4
266,5,0,0,0,81.0,67.0,136.0,-1.0,363.0,134.0,1,2,0.34,128.0,262.0,-1,-1,-1,1.0,524468,5,s0_fi1_fu2_b0_l0,8,0,1,2,0,0,2,3.4,8.3
267,2,0,1,1,69.0,42.0,72.0,-1.0,185.0,2.0,3,2,1.0,167.0,169.0,-1,-1,-1,1.0,591544,2,s0_fi3_fu2_b1_l1,27,0,3,2,1,1,2,1.8,3.7
268,5,2,0,0,81.0,67.0,136.0,-1.0,363.0,134.0,1,2,0.34,128.0,262.0,-1,-1,-1,1.0,497038,5,s2_fi1_fu2_b0_l0,64,2,1,2,0,0,2,0.8,7.6
269,6,1,1,0,49.0,59.0,175.0,-1.0,128.0,15.0,0,0,0.0,0.0,15.0,-1,-1,-1,0.0,54936,6,s1_fi0_fu0_b1_l0,30,1,0,0,1,0,2,-1.0,-1.0
270,9,0,0,0,80.0,80.0,131.0,45.0,471.6,15.0,1,2,0.34,159.0,174.0,-1,-1,-1,2.0,112927,9,s0_fi1_fu2_b0_l0,8,0,1,2,0,0,2,0.9,1.9
271,1,0,1,0,98.0,61.0,119.0,-1.0,520.0,10.0,2,2,0.82,399.0,409.0,-1,-1,-1,1.0,1063414,1,s0_fi2_fu2_b1_l0,18,0,2,2,1,0,2,2.0,19.5
272,1,0,1,0,98.0,61.0,119.0,-1.0,520.0,10.0,3,1,1.0,260.0,270.0,-1,-1,-1,1.0,660516,1,s0_fi3_fu1_b1_l0,22,0,3,1,1,0,2,2.8,8.7
273,2,0,1,1,69.0,42.0,72.0,-1.0,185.0,2.0,2,1,0.82,76.0,78.0,-1,-1,-1,1.0,373425,2,s0_fi2_fu1_b1_l1,15,0,2,1,1,1,2,0.6,4.6
274,5,0,0,1,81.0,67.0,136.0,-1.0,363.0,134.0,3,2,1.0,327.0,461.0,-1,-1,-1,1.0,551722,5,s0_fi3_fu2_b0_l1,25,0,3,2,0,1,2,2.4,8.8
275,3,2,0,0,69.0,39.0,85.0,-1.0,202.0,3.0,2,1,0.82,82.0,85.0,-1,-1,-1,1.0,436400,3,s2_fi2_fu1_b0_l0,68,2,2,1,0,0,2,0.8,5.2
276,8,1,1,0,135.0,135.0,164.0,56.0,1239.84,31.0,1,1,0.34,266.0,297.0,-1,-1,-1,2.0,105430,8,s1_fi1_fu1_b1_l0,26,1,1,1,1,0,2,0.5,1.3
277,8,2,0,1,135.0,135.0,164.0,56.0,1239.84,31.0,1,1,0.34,266.0,297.0,-1,-1,-1,2.0,171095,8,s2_fi1_fu1_b0_l1,45,2,1,1,0,1,2,0.3,1.5
278,6,1,0,0,49.0,59.0,175.0,-1.0,128.0,15.0,3,1,1.0,64.0,79.0,-1,-1,-1,1.0,249549,6,s1_fi3_fu1_b0_l0,48,1,3,1,0,0,2,1.7,3.7
279,4,0,0,0,88.0,56.0,91.0,-1.0,296.0,86.0,3,2,1.0,266.0,352.0,-1,-1,-1,1.0,526320,4,s0_fi3_fu2_b0_l0,24,0,3,2,0,0,2,3.5,5.5
280,7,1,0,0,193.0,193.0,241.0,69.0,3209.397,59.0,2,1,0.82,1489.0,1548.0,-1,-1,-1,2.0,110899,7,s1_fi2_fu1_b0_l0,32,1,2,1,0,0,2,0.8,2.4
281,2,2,1,1,69.0,42.0,72.0,-1.0,185.0,2.0,2,2,0.82,137.0,139.0,-1,-1,-1,1.0,614123,2,s2_fi2_fu2_b1_l1,75,2,2,2,1,1,2,0.8,7.5
282,6,2,0,0,49.0,59.0,175.0,-1.0,128.0,15.0,2,1,0.82,53.0,68.0,-1,-1,-1,1.0,728695,6,s2_fi2_fu1_b0_l0,68,2,2,1,0,0,2,2.8,11.0
283,1,2,0,1,98.0,61.0,119.0,-1.0,520.0,10.0,3,2,1.0,468.0,478.0,-1,-1,-1,1.0,573199,1,s2_fi3_fu2_b0_l1,81,2,3,2,0,1,2,1.1,3.1
284,6,2,1,1,49.0,59.0,175.0,-1.0,128.0,15.0,1,1,0.34,22.0,37.0,-1,-1,-1,1.0,416070,6,s2_fi1_fu1_b1_l1,63,2,1,1,1,1,2,0.4,5.5
285,3,0,1,1,69.0,39.0,85.0,-1.0,202.0,3.0,0,0,0.0,0.0,3.0,-1,-1,-1,0.0,108561,3,s0_fi0_fu0_b1_l1,3,0,0,0,1,1,2,-1.0,-1.0
286,6,2,1,1,49.0,59.0,175.0,-1.0,128.0,15.0,3,1,1.0,64.0,79.0,-1,-1,-1,1.0,391903,6,s2_fi3_fu1_b1_l1,79,2,3,1,1,1,2,2.5,5.2
287,1,2,1,0,98.0,61.0,119.0,-1.0,520.0,10.0,3,1,1.0,260.0,270.0,-1,-1,-1,1.0,258942,1,s2_fi3_fu1_b1_l0,78,2,3,1,1,0,2,0.7,3.8
288,4,1,0,0,88.0,56.0,91.0,-1.0,296.0,86.0,1,1,0.34,45.0,131.0,-1,-1,-1,1.0,141107,4,s1_fi1_fu1_b0_l0,32,1,1,1,0,0,2,0.5,2.2
289,1,2,0,1,98.0,61.0,119.0,-1.0,520.0,10.0,3,1,1.0,260.0,270.0,-1,-1,-1,1.0,424758,1,s2_fi3_fu1_b0_l1,77,2,3,1,0,1,2,1.4,2.7
290,5,2,0,0,81.0,67.0,136.0,-1.0,363.0,134.0,1,1,0.34,71.0,205.0,-1,-1,-1,1.0,308069,5,s2_fi1_fu1_b0_l0,60,2,1,1,0,0,2,0.8,3.6
291,6,0,1,1,49.0,59.0,175.0,-1.0,128.0,15.0,0,0,0.0,0.0,15.0,-1,-1,-1,0.0,79940,6,s0_fi0_fu0_b1_l1,3,0,0,0,1,1,2,-1.0,-1.0
292,3,0,1,1,69.0,39.0,85.0,-1.0,202.0,3.0,3,1,1.0,101.0,104.0,-1,-1,-1,1.0,449057,3,s0_fi3_fu1_b1_l1,23,0,3,1,1,1,2,2.5,4.5
293,2,2,0,0,69.0,42.0,72.0,-1.0,185.0,2.0,1,1,0.34,35.0,37.0,-1,-1,-1,1.0,411837,2,s2_fi1_fu1_b0_l0,60,2,1,1,0,0,2,0.4,4.2
294,5,1,0,0,81.0,67.0,136.0,-1.0,363.0,134.0,3,1,1.0,182.0,316.0,-1,-1,-1,1.0,230012,5,s1_fi3_fu1_b0_l0,48,1,3,1,0,0,2,1.8,3.4
295,9,0,1,1,80.0,80.0,131.0,45.0,471.6,15.0,2,2,0.82,347.0,362.0,-1,-1,-1,2.0,132199,9,s0_fi2_fu2_b1_l1,19,0,2,2,1,1,2,1.1,2.0
296,7,1,1,1,193.0,193.0,241.0,69.0,3209.397,59.0,0,0,0.0,0.0,59.0,-1,-1,-1,0.0,105650,7,s1_fi0_fu0_b1_l1,23,1,0,0,1,1,2,-1.0,-1.0
297,3,2,1,0,69.0,39.0,85.0,-1.0,202.0,3.0,1,2,0.34,66.0,69.0,-1,-1,-1,1.0,547533,3,s2_fi1_fu2_b1_l0,66,2,1,2,1,0,2,0.3,9.1
298,8,0,1,1,135.0,135.0,164.0,56.0,1239.84,31.0,0,0,0.0,0.0,31.0,-1,-1,-1,0.0,125319,8,s0_fi0_fu0_b1_l1,3,0,0,0,1,1,2,-1.0,-1.0
299,3,0,1,0,69.0,39.0,85.0,-1.0,202.0,3.0,1,2,0.34,66.0,69.0,-1,-1,-1,1.0,632469,3,s0_fi1_fu2_b1_l0,10,0,1,2,1,0,2,1.75,8.9
300,6,0,1,1,49.0,59.0,175.0,-1.0,128.0,15.0,2,2,0.82,95.0,110.0,-1,-1,-1,1.0,834491,6,s0_fi2_fu2_b1_l1,19,0,2,2,1,1,2,1.4,11.0
301,6,0,1,0,49.0,59.0,175.0,-1.0,128.0,15.0,3,2,1.0,115.0,130.0,-1,-1,-1,1.0,677142,6,s0_fi3_fu2_b1_l0,26,0,3,2,1,0,2,3.2,9.6
302,2,2,0,0,69.0,42.0,72.0,-1.0,185.0,2.0,2,2,0.82,137.0,139.0,-1,-1,-1,1.0,912239,2,s2_fi2_fu2_b0_l0,72,2,2,2,0,0,2,0.7,14.0
303,2,2,1,1,69.0,42.0,72.0,-1.0,185.0,2.0,3,2,1.0,167.0,169.0,-1,-1,-1,1.0,433666,2,s2_fi3_fu2_b1_l1,83,2,3,2,1,1,2,1.6,3.0
304,3,1,0,0,69.0,39.0,85.0,-1.0,202.0,3.0,3,1,1.0,101.0,104.0,-1,-1,-1,1.0,196011,3,s1_fi3_fu1_b0_l0,48,1,3,1,0,0,2,1.4,3.0
305,2,2,0,1,69.0,42.0,72.0,-1.0,185.0,2.0,2,1,0.82,76.0,78.0,-1,-1,-1,1.0,458993,2,s2_fi2_fu1_b0_l1,69,2,2,1,0,1,2,0.7,6.0
306,9,0,0,1,80.0,80.0,131.0,45.0,471.6,15.0,2,2,0.82,347.0,362.0,-1,-1,-1,2.0,127744,9,s0_fi2_fu2_b0_l1,17,0,2,2,0,1,2,1.2,2.1
307,6,1,1,0,49.0,59.0,175.0,-1.0,128.0,15.0,2,1,0.82,53.0,68.0,-1,-1,-1,1.0,387242,6,s1_fi2_fu1_b1_l0,42,1,2,1,1,0,2,2.5,7.2
308,6,0,1,0,49.0,59.0,175.0,-1.0,128.0,15.0,2,1,0.82,53.0,68.0,-1,-1,-1,1.0,881898,6,s0_fi2_fu1_b1_l0,14,0,2,1,1,0,2,2.0,16.0
309,8,0,0,1,135.0,135.0,164.0,56.0,1239.84,31.0,1,2,0.34,478.0,509.0,-1,-1,-1,2.0,151426,8,s0_fi1_fu2_b0_l1,9,0,1,2,0,1,2,1.4,2.4
310,7,2,0,1,193.0,193.0,241.0,69.0,3209.397,59.0,2,1,0.82,1489.0,1548.0,-1,-1,-1,2.0,204743,7,s2_fi2_fu1_b0_l1,53,2,2,1,0,1,2,0.8,1.8
311,9,0,1,0,80.0,80.0,131.0,45.0,471.6,15.0,1,1,0.34,89.0,104.0,-1,-1,-1,2.0,148471,9,s0_fi1_fu1_b1_l0,6,0,1,1,1,0,2,1.4,2.0
312,5,0,0,0,81.0,67.0,136.0,-1.0,363.0,134.0,0,0,0.0,0.0,134.0,-1,-1,-1,0.0,113500,5,s0_fi0_fu0_b0_l0,0,0,0,0,0,0,2,-1.0,-1.0
313,1,1,0,0,98.0,61.0,119.0,-1.0,520.0,10.0,3,2,1.0,468.0,478.0,-1,-1,-1,1.0,271554,1,s1_fi3_fu2_b0_l0,52,1,3,2,0,0,2,1.0,3.8
314,5,0,0,1,81.0,67.0,136.0,-1.0,363.0,134.0,3,1,1.0,182.0,316.0,-1,-1,-1,1.0,357065,5,s0_fi3_fu1_b0_l1,21,0,3,1,0,1,2,2.8,5.6
315,6,0,1,0,49.0,59.0,175.0,-1.0,128.0,15.0,2,2,0.82,95.0,110.0,-1,-1,-1,1.0,1587410,6,s0_fi2_fu2_b1_l0,18,0,2,2,1,0,2,6.0,26.0
316,5,0,0,1,81.0,67.0,136.0,-1.0,363.0,134.0,1,2,0.34,128.0,262.0,-1,-1,-1,1.0,628632,5,s0_fi1_fu2_b0_l1,9,0,1,2,0,1,2,2.8,11.0
317,1,0,1,0,98.0,61.0,119.0,-1.0,520.0,10.0,1,2,0.34,195.0,205.0,-1,-1,-1,1.0,1075542,1,s0_fi1_fu2_b1_l0,10,0,1,2,1,0,2,2.0,17.0
318,7,1,0,1,193.0,193.0,241.0,69.0,3209.397,59.0,2,2,0.82,2680.0,2739.0,-1,-1,-1,2.0,106180,7,s1_fi2_fu2_b0_l1,37,1,2,2,0,1,2,0.5,1.5
319,4,0,1,1,88.0,56.0,91.0,-1.0,296.0,86.0,3,1,1.0,148.0,234.0,-1,-1,-1,1.0,347804,4,s0_fi3_fu1_b1_l1,23,0,3,1,1,1,2,1.4,3.5
320,3,1,0,0,69.0,39.0,85.0,-1.0,202.0,3.0,0,0,0.0,0.0,3.0,-1,-1,-1,0.0,53348,3,s1_fi0_fu0_b0_l0,28,1,0,0,0,0,2,-1.0,-1.0
321,8,0,1,1,135.0,135.0,164.0,56.0,1239.84,31.0,1,1,0.34,266.0,297.0,-1,-1,-1,2.0,139960,8,s0_fi1_fu1_b1_l1,7,0,1,1,1,1,2,1.2,2.1
322,8,1,1,0,135.0,135.0,164.0,56.0,1239.84,31.0,1,2,0.34,478.0,509.0,-1,-1,-1,2.0,118792,8,s1_fi1_fu2_b1_l0,30,1,1,2,1,0,2,0.7,1.7
323,3,1,1,1,69.0,39.0,85.0,-1.0,202.0,3.0,1,1,0.34,36.0,39.0,-1,-1,-1,1.0,213519,3,s1_fi1_fu1_b1_l1,35,1,1,1,1,1,2,0.6,2.8
324,6,0,1,1,49.0,59.0,175.0,-1.0,128.0,15.0,1,1,0.34,22.0,37.0,-1,-1,-1,1.0,318697,6,s0_fi1_fu1_b1_l1,7,0,1,1,1,1,2,1.0,4.5
325,9,2,1,0,80.0,80.0,131.0,45.0,471.6,15.0,2,1,0.82,193.0,208.0,-1,-1,-1,2.0,151382,9,s2_fi2_fu1_b1_l0,54,2,2,1,1,0,2,0.2,1.1
326,6,0,1,0,49.0,59.0,175.0,-1.0,128.0,15.0,0,0,0.0,0.0,15.0,-1,-1,-1,0.0,134580,6,s0_fi0_fu0_b1_l0,2,0,0,0,1,0,2,-1.0,-1.0
327,6,0,0,1,49.0,59.0,175.0,-1.0,128.0,15.0,1,1,0.34,22.0,37.0,-1,-1,-1,1.0,601378,6,s0_fi1_fu1_b0_l1,5,0,1,1,0,1,2,5.0,11.0
328,3,1,0,0,69.0,39.0,85.0,-1.0,202.0,3.0,2,1,0.82,82.0,85.0,-1,-1,-1,1.0,188294,3,s1_fi2_fu1_b0_l0,40,1,2,1,0,0,2,0.4,2.7
329,9,2,0,1,80.0,80.0,131.0,45.0,471.6,15.0,0,0,0.0,0.0,15.0,-1,-1,-1,0.0,171183,9,s2_fi0_fu0_b0_l1,41,2,0,0,0,1,2,-1.0,-1.0
330,4,2,0,1,88.0,56.0,91.0,-1.0,296.0,86.0,1,1,0.34,45.0,131.0,-1,-1,-1,1.0,272348,4,s2_fi1_fu1_b0_l1,61,2,1,1,0,1,2,0.3,2.1
331,1,0,1,1,98.0,61.0,119.0,-1.0,520.0,10.0,3,2,1.0,468.0,478.0,-1,-1,-1,1.0,502153,1,s0_fi3_fu2_b1_l1,27,0,3,2,1,1,2,1.4,4.0
332,7,1,1,1,193.0,193.0,241.0,69.0,3209.397,59.0,2,2,0.82,2680.0,2739.0,-1,-1,-1,2.0,112001,7,s1_fi2_fu2_b1_l1,39,1,2,2,1,1,2,0.7,1.5
333,5,0,1,0,81.0,67.0,136.0,-1.0,363.0,134.0,2,2,0.82,262.0,396.0,-1,-1,-1,1.0,991707,5,s0_fi2_fu2_b1_l0,18,0,2,2,1,0,2,3.6,12.0
334,4,2,1,0,88.0,56.0,91.0,-1.0,296.0,86.0,2,1,0.82,122.0,208.0,-1,-1,-1,1.0,249019,4,s2_fi2_fu1_b1_l0,70,2,2,1,1,0,2,0.4,2.6
335,5,1,0,0,81.0,67.0,136.0,-1.0,363.0,134.0,1,2,0.34,128.0,262.0,-1,-1,-1,1.0,256825,5,s1_fi1_fu2_b0_l0,36,1,1,2,0,0,2,1.2,2.8
336,7,0,1,0,193.0,193.0,241.0,69.0,3209.397,59.0,2,2,0.82,2680.0,2739.0,-1,-1,-1,2.0,193101,7,s0_fi2_fu2_b1_l0,18,0,2,2,1,0,2,1.6,3.1
337,8,1,1,0,135.0,135.0,164.0,56.0,1239.84,31.0,2,2,0.82,1084.0,1115.0,-1,-1,-1,2.0,138593,8,s1_fi2_fu2_b1_l0,38,1,2,2,1,0,2,0.7,2.0
338,4,0,0,0,88.0,56.0,91.0,-1.0,296.0,86.0,3,1,1.0,148.0,234.0,-1,-1,-1,1.0,413248,4,s0_fi3_fu1_b0_l0,20,0,3,1,0,0,2,3.3,5.2
339,7,0,1,1,193.0,193.0,241.0,69.0,3209.397,59.0,2,1,0.82,1489.0,1548.0,-1,-1,-1,2.0,157909,7,s0_fi2_fu1_b1_l1,15,0,2,1,1,1,2,1.0,2.8
340,4,1,0,1,88.0,56.0,91.0,-1.0,296.0,86.0,2,1,0.82,122.0,208.0,-1,-1,-1,1.0,341056,4,s1_fi2_fu1_b0_l1,41,1,2,1,0,1,2,0.8,5.5
341,3,1,1,0,69.0,39.0,85.0,-1.0,202.0,3.0,2,1,0.82,82.0,85.0,-1,-1,-1,1.0,252327,3,s1_fi2_fu1_b1_l0,42,1,2,1,1,0,2,1.0,4.4
342,9,1,1,1,80.0,80.0,131.0,45.0,471.6,15.0,2,1,0.82,193.0,208.0,-1,-1,-1,2.0,94934,9,s1_fi2_fu1_b1_l1,35,1,2,1,1,1,2,0.5,1.4
343,9,0,0,1,80.0,80.0,131.0,45.0,471.6,15.0,2,1,0.82,193.0,208.0,-1,-1,-1,2.0,117734,9,s0_fi2_fu1_b0_l1,13,0,2,1,0,1,2,1.1,1.9
344,4,2,0,1,88.0,56.0,91.0,-1.0,296.0,86.0,1,2,0.34,89.0,175.0,-1,-1,-1,1.0,381540,4,s2_fi1_fu2_b0_l1,65,2,1,2,0,1,2,0.7,3.9
345,7,1,1,0,193.0,193.0,241.0,69.0,3209.397,59.0,1,1,0.34,717.0,776.0,-1,-1,-1,2.0,135462,7,s1_fi1_fu1_b1_l0,26,1,1,1,1,0,2,0.8,1.8
346,7,2,1,0,193.0,193.0,241.0,69.0,3209.397,59.0,2,1,0.82,1489.0,1548.0,-1,-1,-1,2.0,193630,7,s2_fi2_fu1_b1_l0,54,2,2,1,1,0,2,0.7,2.2
347,2,2,0,1,69.0,42.0,72.0,-1.0,185.0,2.0,1,2,0.34,63.0,65.0,-1,-1,-1,1.0,424096,2,s2_fi1_fu2_b0_l1,65,2,1,2,0,1,2,0.4,5.6
348,4,1,0,1,88.0,56.0,91.0,-1.0,296.0,86.0,3,1,1.0,148.0,234.0,-1,-1,-1,1.0,286504,4,s1_fi3_fu1_b0_l1,49,1,3,1,0,1,2,1.1,4.1
349,5,1,0,0,81.0,67.0,136.0,-1.0,363.0,134.0,0,0,0.0,0.0,134.0,-1,-1,-1,0.0,49159,5,s1_fi0_fu0_b0_l0,28,1,0,0,0,0,2,-1.0,-1.0
350,9,1,0,1,80.0,80.0,131.0,45.0,471.6,15.0,0,0,0.0,0.0,15.0,-1,-1,-1,0.0,88451,9,s1_fi0_fu0_b0_l1,21,1,0,0,0,1,2,-1.0,-1.0
351,7,0,1,1,193.0,193.0,241.0,69.0,3209.397,59.0,0,0,0.0,0.0,59.0,-1,-1,-1,0.0,158085,7,s0_fi0_fu0_b1_l1,3,0,0,0,1,1,2,-1.0,-1.0
352,6,2,1,0,49.0,59.0,175.0,-1.0,128.0,15.0,2,1,0.82,53.0,68.0,-1,-1,-1,1.0,404384,6,s2_fi2_fu1_b1_l0,70,2,2,1,1,0,2,1.6,6.3
353,6,1,0,1,49.0,59.0,175.0,-1.0,128.0,15.0,3,1,1.0,64.0,79.0,-1,-1,-1,1.0,353492,6,s1_fi3_fu1_b0_l1,49,1,3,1,0,1,2,2.2,5.0
354,6,2,0,1,49.0,59.0,175.0,-1.0,128.0,15.0,1,1,0.34,22.0,37.0,-1,-1,-1,1.0,284564,6,s2_fi1_fu1_b0_l1,61,2,1,1,0,1,2,0.2,3.0
355,7,1,0,1,193.0,193.0,241.0,69.0,3209.397,59.0,1,2,0.34,1291.0,1350.0,-1,-1,-1,2.0,119895,7,s1_fi1_fu2_b0_l1,29,1,1,2,0,1,2,0.6,1.6
356,1,2,0,0,98.0,61.0,119.0,-1.0,520.0,10.0,3,1,1.0,260.0,270.0,-1,-1,-1,1.0,423258,1,s2_fi3_fu1_b0_l0,76,2,3,1,0,0,2,2.4,5.2
357,6,2,0,1,49.0,59.0,175.0,-1.0,128.0,15.0,3,1,1.0,64.0,79.0,-1,-1,-1,1.0,309040,6,s2_fi3_fu1_b0_l1,77,2,3,1,0,1,2,0.4,4.1
358,2,1,0,1,69.0,42.0,72.0,-1.0,185.0,2.0,2,1,0.82,76.0,78.0,-1,-1,-1,1.0,455892,2,s1_fi2_fu1_b0_l1,41,1,2,1,0,1,2,0.6,8.5
359,6,2,1,0,49.0,59.0,175.0,-1.0,128.0,15.0,2,2,0.82,95.0,110.0,-1,-1,-1,1.0,880928,6,s2_fi2_fu2_b1_l0,74,2,2,2,1,0,2,2.0,15.6
360,8,1,1,0,135.0,135.0,164.0,56.0,1239.84,31.0,2,1,0.82,602.0,633.0,-1,-1,-1,2.0,133698,8,s1_fi2_fu1_b1_l0,34,1,2,1,1,0,2,0.8,2.0
361,1,1,1,0,98.0,61.0,119.0,-1.0,520.0,10.0,0,0,0.0,0.0,10.0,-1,-1,-1,0.0,81175,1,s1_fi0_fu0_b1_l0,30,1,0,0,1,0,2,-1.0,-1.0
362,3,0,0,0,69.0,39.0,85.0,-1.0,202.0,3.0,1,1,0.34,36.0,39.0,-1,-1,-1,1.0,524380,3,s0_fi1_fu1_b0_l0,4,0,1,1,0,0,2,1.9,8.6
363,9,0,1,0,80.0,80.0,131.0,45.0,471.6,15.0,0,0,0.0,0.0,15.0,-1,-1,-1,0.0,141636,9,s0_fi0_fu0_b1_l0,2,0,0,0,1,0,2,-1.0,-1.0
364,3,2,1,0,69.0,39.0,85.0,-1.0,202.0,3.0,2,2,0.82,147.6,150.6,-1,-1,-1,1.0,772795,3,s2_fi2_fu2_b1_l0,74,2,2,2,1,0,2,0.2,14.0
365,5,1,0,0,81.0,67.0,136.0,-1.0,363.0,134.0,3,2,1.0,327.0,461.0,-1,-1,-1,1.0,283285,5,s1_fi3_fu2_b0_l0,52,1,3,2,0,0,2,1.2,4.0
366,4,0,1,0,88.0,56.0,91.0,-1.0,296.0,86.0,1,2,0.34,89.0,175.0,-1,-1,-1,1.0,500345,4,s0_fi1_fu2_b1_l0,10,0,1,2,1,0,2,1.75,6.5
367,5,2,0,1,81.0,67.0,136.0,-1.0,363.0,134.0,1,1,0.34,71.0,205.0,-1,-1,-1,1.0,293075,5,s2_fi1_fu1_b0_l1,61,2,1,1,0,1,2,0.3,2.4
368,3,1,1,0,69.0,39.0,85.0,-1.0,202.0,3.0,0,0,0.0,0.0,3.0,-1,-1,-1,0.0,55068,3,s1_fi0_fu0_b1_l0,30,1,0,0,1,0,2,-1.0,-1.0
369,4,1,1,1,88.0,56.0,91.0,-1.0,296.0,86.0,3,1,1.0,148.0,234.0,-1,-1,-1,1.0,247079,4,s1_fi3_fu1_b1_l1,51,1,3,1,1,1,2,1.4,2.8
370,4,0,1,0,88.0,56.0,91.0,-1.0,296.0,86.0,2,1,0.82,122.0,208.0,-1,-1,-1,1.0,718596,4,s0_fi2_fu1_b1_l0,14,0,2,1,1,0,2,1.4,6.8
371,1,2,1,0,98.0,61.0,119.0,-1.0,520.0,10.0,2,2,0.82,399.0,409.0,-1,-1,-1,1.0,719434,1,s2_fi2_fu2_b1_l0,74,2,2,2,1,0,2,0.5,6.5
372,3,0,0,1,69.0,39.0,85.0,-1.0,202.0,3.0,3,2,1.0,182.0,185.0,-1,-1,-1,1.0,456686,3,s0_fi3_fu2_b0_l1,25,0,3,2,0,1,2,2.3,3.6
373,5,2,0,1,81.0,67.0,136.0,-1.0,363.0,134.0,3,1,1.0,182.0,316.0,-1,-1,-1,1.0,305864,5,s2_fi3_fu1_b0_l1,77,2,3,1,0,1,2,0.1,3.0
374,6,2,0,1,49.0,59.0,175.0,-1.0,128.0,15.0,2,1,0.82,53.0,68.0,-1,-1,-1,1.0,391727,6,s2_fi2_fu1_b0_l1,69,2,2,1,0,1,2,1.6,5.2
375,5,0,1,0,81.0,67.0,136.0,-1.0,363.0,134.0,3,2,1.0,327.0,461.0,-1,-1,-1,1.0,691696,5,s0_fi3_fu2_b1_l0,26,0,3,2,1,0,2,3.4,9.6
376,7,0,0,1,193.0,193.0,241.0,69.0,3209.397,59.0,2,2,0.82,2680.0,2739.0,-1,-1,-1,2.0,159409,7,s0_fi2_fu2_b0_l1,17,0,2,2,0,1,2,1.3,2.4
377,1,2,1,0,98.0,61.0,119.0,-1.0,520.0,10.0,1,2,0.34,195.0,205.0,-1,-1,-1,1.0,6748918,1,s2_fi1_fu2_b1_l0,66,2,1,2,1,0,2,0.0,9.4
378,9,2,0,1,80.0,80.0,131.0,45.0,471.6,15.0,1,2,0.34,159.0,174.0,-1,-1,-1,2.0,156894,9,s2_fi1_fu2_b0_l1,49,2,1,2,0,1,2,0.3,1.4
379,8,0,1,0,135.0,135.0,164.0,56.0,1239.84,31.0,1,2,0.34,478.0,509.0,-1,-1,-1,2.0,156057,8,s0_fi1_fu2_b1_l0,10,0,1,2,1,0,2,1.8,2.5
380,6,2,0,0,49.0,59.0,175.0,-1.0,128.0,15.0,2,2,0.82,95.0,110.0,-1,-1,-1,1.0,910211,6,s2_fi2_fu2_b0_l0,72,2,2,2,0,0,2,2.9,15.2
381,8,0,0,1,135.0,135.0,164.0,56.0,1239.84,31.0,0,0,0.0,0.0,31.0,-1,-1,-1,0.0,127833,8,s0_fi0_fu0_b0_l1,1,0,0,0,0,1,2,-1.0,-1.0
382,3,0,1,0,69.0,39.0,85.0,-1.0,202.0,3.0,2,2,0.82,147.6,150.6,-1,-1,-1,1.0,1018123,3,s0_fi2_fu2_b1_l0,18,0,2,2,1,0,2,2.2,15.0
383,3,1,0,0,69.0,39.0,85.0,-1.0,202.0,3.0,3,2,1.0,182.0,185.0,-1,-1,-1,1.0,254003,3,s1_fi3_fu2_b0_l0,52,1,3,2,0,0,2,1.2,3.1
384,5,0,0,0,81.0,67.0,136.0,-1.0,363.0,134.0,3,2,1.0,327.0,461.0,-1,-1,-1,1.0,508151,5,s0_fi3_fu2_b0_l0,24,0,3,2,0,0,2,3.0,8.4
385,1,2,0,0,98.0,61.0,119.0,-1.0,520.0,10.0,0,0,0.0,0.0,10.0,-1,-1,-1,0.0,128715,1,s2_fi0_fu0_b0_l0,56,2,0,0,0,0,2,-1.0,-1.0
386,9,1,0,1,80.0,80.0,131.0,45.0,471.6,15.0,2,1,0.82,193.0,208.0,-1,-1,-1,2.0,98859,9,s1_fi2_fu1_b0_l1,33,1,2,1,0,1,2,0.5,1.2
387,8,2,1,0,135.0,135.0,164.0,56.0,1239.84,31.0,2,2,0.82,1084.0,1115.0,-1,-1,-1,2.0,181899,8,s2_fi2_fu2_b1_l0,58,2,2,2,1,0,2,0.3,2.2
388,3,1,0,1,69.0,39.0,85.0,-1.0,202.0,3.0,0,0,0.0,0.0,3.0,-1,-1,-1,0.0,91803,3,s1_fi0_fu0_b0_l1,29,1,0,0,0,1,2,-1.0,-1.0
389,4,0,1,0,88.0,56.0,91.0,-1.0,296.0,86.0,1,1,0.34,45.0,131.0,-1,-1,-1,1.0,348465,4,s0_fi1_fu1_b1_l0,6,0,1,1,1,0,2,1.2,4.4
390,1,1,0,1,98.0,61.0,119.0,-1.0,520.0,10.0,2,2,0.82,399.0,409.0,-1,-1,-1,1.0,683140,1,s1_fi2_fu2_b0_l1,45,1,2,2,0,1,2,1.0,13.6
391,5,0,0,0,81.0,67.0,136.0,-1.0,363.0,134.0,2,1,0.82,146.0,280.0,-1,-1,-1,1.0,681552,5,s0_fi2_fu1_b0_l0,12,0,2,1,0,0,2,4.0,11.0
392,1,0,1,1,98.0,61.0,119.0,-1.0,520.0,10.0,1,1,0.34,109.0,119.0,-1,-1,-1,1.0,324474,1,s0_fi1_fu1_b1_l1,7,0,1,1,1,1,2,0.8,3.5
393,5,0,1,0,81.0,67.0,136.0,-1.0,363.0,134.0,0,0,0.0,0.0,134.0,-1,-1,-1,0.0,143664,5,s0_fi0_fu0_b1_l0,2,0,0,0,1,0,2,-1.0,-1.0
394,9,0,1,0,80.0,80.0,131.0,45.0,471.6,15.0,1,2,0.34,159.0,174.0,-1,-1,-1,2.0,157732,9,s0_fi1_fu2_b1_l0,10,0,1,2,1,0,2,1.7,2.3
395,7,1,1,0,193.0,193.0,241.0,69.0,3209.397,59.0,2,2,0.82,2680.0,2739.0,-1,-1,-1,2.0,137049,7,s1_fi2_fu2_b1_l0,38,1,2,2,1,0,2,0.7,1.8
396,9,0,1,1,80.0,80.0,131.0,45.0,471.6,15.0,1,2,0.34,159.0,174.0,-1,-1,-1,2.0,135947,9,s0_fi1_fu2_b1_l1,11,0,1,2,1,1,2,1.0,1.9
397,3,2,1,0,69.0,39.0,85.0,-1.0,202.0,3.0,1,1,0.34,36.0,39.0,-1,-1,-1,1.0,258104,3,s2_fi1_fu1_b1_l0,62,2,1,1,1,0,2,0.2,3.1
398,9,2,1,1,80.0,80.0,131.0,45.0,471.6,15.0,2,1,0.82,193.0,208.0,-1,-1,-1,2.0,173300,9,s2_fi2_fu1_b1_l1,55,2,2,1,1,1,2,0.4,1.3
399,4,0,1,0,88.0,56.0,91.0,-1.0,296.0,86.0,2,2,0.82,219.0,305.0,-1,-1,-1,1.0,949945,4,s0_fi2_fu2_b1_l0,18,0,2,2,1,0,2,2.1,10.5
400,1,1,1,1,98.0,61.0,119.0,-1.0,520.0,10.0,0,0,0.0,0.0,10.0,-1,-1,-1,0.0,123775,1,s1_fi0_fu0_b1_l1,31,1,0,0,1,1,2,-1.0,-1.0
401,6,2,0,1,49.0,59.0,175.0,-1.0,128.0,15.0,2,2,0.82,95.0,110.0,-1,-1,-1,1.0,657694,6,s2_fi2_fu2_b0_l1,73,2,2,2,0,1,2,2.2,9.4
402,7,2,0,0,193.0,193.0,241.0,69.0,3209.397,59.0,2,1,0.82,1489.0,1548.0,-1,-1,-1,2.0,208536,7,s2_fi2_fu1_b0_l0,52,2,2,1,0,0,2,0.6,1.9
403,1,2,0,0,98.0,61.0,119.0,-1.0,520.0,10.0,1,2,0.34,195.0,205.0,-1,-1,-1,1.0,692153,1,s2_fi1_fu2_b0_l0,64,2,1,2,0,0,2,1.1,11.0
404,6,0,0,0,49.0,59.0,175.0,-1.0,128.0,15.0,2,1,0.82,53.0,68.0,-1,-1,-1,1.0,591059,6,s0_fi2_fu1_b0_l0,12,0,2,1,0,0,2,2.4,9.6
405,2,2,1,0,69.0,42.0,72.0,-1.0,185.0,2.0,1,2,0.34,63.0,65.0,-1,-1,-1,1.0,670748,2,s2_fi1_fu2_b1_l0,66,2,1,2,1,0,2,0.3,11.6
406,9,1,1,0,80.0,80.0,131.0,45.0,471.6,15.0,0,0,0.0,0.0,15.0,-1,-1,-1,0.0,96742,9,s1_fi0_fu0_b1_l0,22,1,0,0,1,0,2,-1.0,-1.0
407,6,0,1,0,49.0,59.0,175.0,-1.0,128.0,15.0,3,1,1.0,64.0,79.0,-1,-1,-1,1.0,549914,6,s0_fi3_fu1_b1_l0,22,0,3,1,1,0,2,3.4,6.9
408,2,1,0,0,69.0,42.0,72.0,-1.0,185.0,2.0,2,2,0.82,137.0,139.0,-1,-1,-1,1.0,289415,2,s1_fi2_fu2_b0_l0,44,1,2,2,0,0,2,0.9,5.2
409,1,0,0,0,98.0,61.0,119.0,-1.0,520.0,10.0,2,1,0.82,222.0,232.0,-1,-1,-1,1.0,459685,1,s0_fi2_fu1_b0_l0,12,0,2,1,0,0,2,1.9,6.7
410,8,1,0,0,135.0,135.0,164.0,56.0,1239.84,31.0,0,0,0.0,0.0,31.0,-1,-1,-1,0.0,74119,8,s1_fi0_fu0_b0_l0,20,1,0,0,0,0,2,-1.0,-1.0
411,9,0,0,1,80.0,80.0,131.0,45.0,471.6,15.0,1,1,0.34,89.0,104.0,-1,-1,-1,2.0,101725,9,s0_fi1_fu1_b0_l1,5,0,1,1,0,1,2,0.9,1.5
412,6,0,0,0,49.0,59.0,175.0,-1.0,128.0,15.0,1,2,0.34,39.0,54.0,-1,-1,-1,1.0,488482,6,s0_fi1_fu2_b0_l0,8,0,1,2,0,0,2,2.6,7.2
413,4,2,1,1,88.0,56.0,91.0,-1.0,296.0,86.0,3,1,1.0,148.0,234.0,-1,-1,-1,1.0,327473,4,s2_fi3_fu1_b1_l1,79,2,3,1,1,1,2,1.3,2.8
414,9,2,0,0,80.0,80.0,131.0,45.0,471.6,15.0,1,1,0.34,89.0,104.0,-1,-1,-1,2.0,199230,9,s2_fi1_fu1_b0_l0,44,2,1,1,0,0,2,0.4,1.6
415,3,0,1,1,69.0,39.0,85.0,-1.0,202.0,3.0,3,2,1.0,182.0,185.0,-1,-1,-1,1.0,512208,3,s0_fi3_fu2_b1_l1,27,0,3,2,1,1,2,1.6,3.5
416,8,0,1,0,135.0,135.0,164.0,56.0,1239.84,31.0,2,1,0.82,602.0,633.0,-1,-1,-1,2.0,154557,8,s0_fi2_fu1_b1_l0,14,0,2,1,1,0,2,1.6,2.2
417,5,1,1,0,81.0,67.0,136.0,-1.0,363.0,134.0,0,0,0.0,0.0,134.0,-1,-1,-1,0.0,51981,5,s1_fi0_fu0_b1_l0,30,1,0,0,1,0,2,-1.0,-1.0
418,5,2,1,0,81.0,67.0,136.0,-1.0,363.0,134.0,1,1,0.34,71.0,205.0,-1,-1,-1,1.0,245094,5,s2_fi1_fu1_b1_l0,62,2,1,1,1,0,2,0.2,3.0
419,1,2,1,0,98.0,61.0,119.0,-1.0,520.0,10.0,0,0,0.0,0.0,10.0,-1,-1,-1,0.0,159981,1,s2_fi0_fu0_b1_l0,58,2,0,0,1,0,2,-1.0,-1.0
420,4,1,1,0,88.0,56.0,91.0,-1.0,296.0,86.0,1,2,0.34,89.0,175.0,-1,-1,-1,1.0,348685,4,s1_fi1_fu2_b1_l0,38,1,1,2,1,0,2,0.5,5.6
421,6,0,1,1,49.0,59.0,175.0,-1.0,128.0,15.0,2,1,0.82,53.0,68.0,-1,-1,-1,1.0,535493,6,s0_fi2_fu1_b1_l1,15,0,2,1,1,1,2,2.4,7.6
422,4,1,1,0,88.0,56.0,91.0,-1.0,296.0,86.0,3,1,1.0,148.0,234.0,-1,-1,-1,1.0,207477,4,s1_fi3_fu1_b1_l0,50,1,3,1,1,0,2,1.4,2.2
423,4,2,1,0,88.0,56.0,91.0,-1.0,296.0,86.0,3,2,1.0,266.0,352.0,-1,-1,-1,1.0,395696,4,s2_fi3_fu2_b1_l0,82,2,3,2,1,0,2,0.7,2.4
424,5,1,0,1,81.0,67.0,136.0,-1.0,363.0,134.0,3,1,1.0,182.0,316.0,-1,-1,-1,1.0,289900,5,s1_fi3_fu1_b0_l1,49,1,3,1,0,1,2,1.6,3.2
425,3,0,1,0,69.0,39.0,85.0,-1.0,202.0,3.0,1,1,0.34,36.0,39.0,-1,-1,-1,1.0,522660,3,s0_fi1_fu1_b1_l0,6,0,1,1,1,0,2,2.1,7.8
426,4,1,0,0,88.0,56.0,91.0,-1.0,296.0,86.0,0,0,0.0,0.0,86.0,-1,-1,-1,0.0,48497,4,s1_fi0_fu0_b0_l0,28,1,0,0,0,0,2,-1.0,-1.0
427,2,1,1,1,69.0,42.0,72.0,-1.0,185.0,2.0,3,2,1.0,167.0,169.0,-1,-1,-1,1.0,365267,2,s1_fi3_fu2_b1_l1,55,1,3,2,1,1,2,1.5,3.0
428,7,0,1,0,193.0,193.0,241.0,69.0,3209.397,59.0,0,0,0.0,0.0,59.0,-1,-1,-1,0.0,173608,7,s0_fi0_fu0_b1_l0,2,0,0,0,1,0,2,-1.0,-1.0
429,6,0,1,1,49.0,59.0,175.0,-1.0,128.0,15.0,3,1,1.0,64.0,79.0,-1,-1,-1,1.0,422553,6,s0_fi3_fu1_b1_l1,23,0,3,1,1,1,2,2.9,6.8
430,4,1,0,1,88.0,56.0,91.0,-1.0,296.0,86.0,0,0,0.0,0.0,86.0,-1,-1,-1,0.0,73325,4,s1_fi0_fu0_b0_l1,29,1,0,0,0,1,2,-1.0,-1.0
431,4,1,1,0,88.0,56.0,91.0,-1.0,296.0,86.0,2,1,0.82,122.0,208.0,-1,-1,-1,1.0,332589,4,s1_fi2_fu1_b1_l0,42,1,2,1,1,0,2,0.7,2.6
432,3,1,0,1,69.0,39.0,85.0,-1.0,202.0,3.0,1,1,0.34,36.0,39.0,-1,-1,-1,1.0,259692,3,s1_fi1_fu1_b0_l1,33,1,1,1,0,1,2,0.7,3.8
433,4,2,1,1,88.0,56.0,91.0,-1.0,296.0,86.0,2,1,0.82,122.0,208.0,-1,-1,-1,1.0,378982,4,s2_fi2_fu1_b1_l1,71,2,2,1,1,1,2,0.6,4.7
434,3,0,1,1,69.0,39.0,85.0,-1.0,202.0,3.0,2,1,0.82,82.0,85.0,-1,-1,-1,1.0,467799,3,s0_fi2_fu1_b1_l1,15,0,2,1,1,1,2,0.8,6.2
435,6,1,1,0,49.0,59.0,175.0,-1.0,128.0,15.0,1,2,0.34,39.0,54.0,-1,-1,-1,1.0,504711,6,s1_fi1_fu2_b1_l0,38,1,1,2,1,0,2,2.4,9.6
436,4,0,0,1,88.0,56.0,91.0,-1.0,296.0,86.0,1,1,0.34,45.0,131.0,-1,-1,-1,1.0,319801,4,s0_fi1_fu1_b0_l1,5,0,1,1,0,1,2,1.5,4.7
437,6,2,0,0,49.0,59.0,175.0,-1.0,128.0,15.0,3,2,1.0,115.0,130.0,-1,-1,-1,1.0,539903,6,s2_fi3_fu2_b0_l0,80,2,3,2,0,0,2,2.0,7.0
438,9,0,0,0,80.0,80.0,131.0,45.0,471.6,15.0,2,1,0.82,193.0,208.0,-1,-1,-1,2.0,143841,9,s0_fi2_fu1_b0_l0,12,0,2,1,0,0,2,1.1,2.7
439,8,1,1,1,135.0,135.0,164.0,56.0,1239.84,31.0,0,0,0.0,0.0,31.0,-1,-1,-1,0.0,90216,8,s1_fi0_fu0_b1_l1,23,1,0,0,1,1,2,-1.0,-1.0
440,6,2,0,1,49.0,59.0,175.0,-1.0,128.0,15.0,1,2,0.34,39.0,54.0,-1,-1,-1,1.0,445441,6,s2_fi1_fu2_b0_l1,65,2,1,2,0,1,2,0.4,5.5
441,2,2,1,1,69.0,42.0,72.0,-1.0,185.0,2.0,1,1,0.34,35.0,37.0,-1,-1,-1,1.0,275965,2,s2_fi1_fu1_b1_l1,63,2,1,1,1,1,2,0.6,3.1
442,1,2,1,1,98.0,61.0,119.0,-1.0,520.0,10.0,1,1,0.34,109.0,119.0,-1,-1,-1,1.0,317904,1,s2_fi1_fu1_b1_l1,63,2,1,1,1,1,2,0.8,3.1
443,6,0,1,0,49.0,59.0,175.0,-1.0,128.0,15.0,1,1,0.34,22.0,37.0,-1,-1,-1,1.0,904037,6,s0_fi1_fu1_b1_l0,6,0,1,1,1,0,2,4.0,17.4
444,1,0,1,1,98.0,61.0,119.0,-1.0,520.0,10.0,2,2,0.82,399.0,409.0,-1,-1,-1,1.0,742146,1,s0_fi2_fu2_b1_l1,19,0,2,2,1,1,2,0.8,4.0
445,3,2,0,0,69.0,39.0,85.0,-1.0,202.0,3.0,0,0,0.0,0.0,3.0,-1,-1,-1,0.0,198613,3,s2_fi0_fu0_b0_l0,56,2,0,0,0,0,2,-1.0,-1.0
446,2,1,0,1,69.0,42.0,72.0,-1.0,185.0,2.0,1,2,0.34,63.0,65.0,-1,-1,-1,1.0,531348,2,s1_fi1_fu2_b0_l1,37,1,1,2,0,1,2,0.7,9.4
447,2,0,0,1,69.0,42.0,72.0,-1.0,185.0,2.0,2,1,0.82,76.0,78.0,-1,-1,-1,1.0,387758,2,s0_fi2_fu1_b0_l1,13,0,2,1,0,1,2,1.5,6.1
448,2,2,0,0,69.0,42.0,72.0,-1.0,185.0,2.0,0,0,0.0,0.0,2.0,-1,-1,-1,0.0,177489,2,s2_fi0_fu0_b0_l0,56,2,0,0,0,0,2,-1.0,-1.0
449,1,2,1,0,98.0,61.0,119.0,-1.0,520.0,10.0,2,1,0.82,222.0,232.0,-1,-1,-1,1.0,230189,1,s2_fi2_fu1_b1_l0,70,2,2,1,1,0,2,0.25,2.25
450,6,0,1,0,49.0,59.0,175.0,-1.0,128.0,15.0,1,2,0.34,39.0,54.0,-1,-1,-1,1.0,959029,6,s0_fi1_fu2_b1_l0,10,0,1,2,1,0,2,2.6,15.4
451,4,2,0,1,88.0,56.0,91.0,-1.0,296.0,86.0,3,2,1.0,266.0,352.0,-1,-1,-1,1.0,446543,4,s2_fi3_fu2_b0_l1,81,2,3,2,0,1,2,1.2,2.2
452,7,0,0,0,193.0,193.0,241.0,69.0,3209.397,59.0,1,1,0.34,717.0,776.0,-1,-1,-1,2.0,155440,7,s0_fi1_fu1_b0_l0,4,0,1,1,0,0,2,1.3,2.4
453,7,1,1,0,193.0,193.0,241.0,69.0,3209.397,59.0,1,2,0.34,1291.0,1350.0,-1,-1,-1,2.0,135594,7,s1_fi1_fu2_b1_l0,30,1,1,2,1,0,2,0.7,1.6
454,2,2,1,0,69.0,42.0,72.0,-1.0,185.0,2.0,3,1,1.0,93.0,95.0,-1,-1,-1,1.0,281080,2,s2_fi3_fu1_b1_l0,78,2,3,1,1,0,2,1.4,2.8
455,6,2,0,0,49.0,59.0,175.0,-1.0,128.0,15.0,0,0,0.0,0.0,15.0,-1,-1,-1,0.0,189925,6,s2_fi0_fu0_b0_l0,56,2,0,0,0,0,2,-1.0,-1.0
456,2,1,0,1,69.0,42.0,72.0,-1.0,185.0,2.0,2,2,0.82,137.0,139.0,-1,-1,-1,1.0,803004,2,s1_fi2_fu2_b0_l1,45,1,2,2,0,1,2,1.0,15.0
457,8,2,1,1,135.0,135.0,164.0,56.0,1239.84,31.0,1,1,0.34,266.0,297.0,-1,-1,-1,2.0,181635,8,s2_fi1_fu1_b1_l1,47,2,1,1,1,1,2,0.5,1.6
458,2,1,1,1,69.0,42.0,72.0,-1.0,185.0,2.0,1,2,0.34,63.0,65.0,-1,-1,-1,1.0,398121,2,s1_fi1_fu2_b1_l1,39,1,1,2,1,1,2,0.7,5.4
459,5,1,1,1,81.0,67.0,136.0,-1.0,363.0,134.0,1,1,0.34,71.0,205.0,-1,-1,-1,1.0,250695,5,s1_fi1_fu1_b1_l1,35,1,1,1,1,1,2,1.8,3.4
460,5,2,0,1,81.0,67.0,136.0,-1.0,363.0,134.0,0,0,0.0,0.0,134.0,-1,-1,-1,0.0,149883,5,s2_fi0_fu0_b0_l1,57,2,0,0,0,1,2,-1.0,-1.0
461,7,2,1,0,193.0,193.0,241.0,69.0,3209.397,59.0,1,1,0.34,717.0,776.0,-1,-1,-1,2.0,151911,7,s2_fi1_fu1_b1_l0,46,2,1,1,1,0,2,0.1,1.5
462,4,1,1,1,88.0,56.0,91.0,-1.0,296.0,86.0,1,1,0.34,45.0,131.0,-1,-1,-1,1.0,187368,4,s1_fi1_fu1_b1_l1,35,1,1,1,1,1,2,0.3,2.3
463,3,1,1,0,69.0,39.0,85.0,-1.0,202.0,3.0,1,2,0.34,66.0,69.0,-1,-1,-1,1.0,393844,3,s1_fi1_fu2_b1_l0,38,1,1,2,1,0,2,0.7,6.8
464,1,0,0,1,98.0,61.0,119.0,-1.0,520.0,10.0,3,2,1.0,468.0,478.0,-1,-1,-1,1.0,507269,1,s0_fi3_fu2_b0_l1,25,0,3,2,0,1,2,2.7,5.3
465,7,0,1,1,193.0,193.0,241.0,69.0,3209.397,59.0,2,2,0.82,2680.0,2739.0,-1,-1,-1,2.0,193233,7,s0_fi2_fu2_b1_l1,19,0,2,2,1,1,2,1.2,2.8
466,4,1,0,0,88.0,56.0,91.0,-1.0,296.0,86.0,2,2,0.82,219.0,305.0,-1,-1,-1,1.0,315875,4,s1_fi2_fu2_b0_l0,44,1,2,2,0,0,2,0.7,5.2
467,2,1,1,1,69.0,42.0,72.0,-1.0,185.0,2.0,2,1,0.82,76.0,78.0,-1,-1,-1,1.0,266439,2,s1_fi2_fu1_b1_l1,43,1,2,1,1,1,2,0.6,3.2
468,7,2,1,1,193.0,193.0,241.0,69.0,3209.397,59.0,0,0,0.0,0.0,59.0,-1,-1,-1,0.0,214710,7,s2_fi0_fu0_b1_l1,43,2,0,0,1,1,2,-1.0,-1.0
469,6,0,1,1,49.0,59.0,175.0,-1.0,128.0,15.0,3,2,1.0,115.0,130.0,-1,-1,-1,1.0,662898,6,s0_fi3_fu2_b1_l1,27,0,3,2,1,1,2,2.4,6.5
470,4,0,0,1,88.0,56.0,91.0,-1.0,296.0,86.0,3,1,1.0,148.0,234.0,-1,-1,-1,1.0,329281,4,s0_fi3_fu1_b0_l1,21,0,3,1,0,1,2,2.4,4.6
471,6,1,0,1,49.0,59.0,175.0,-1.0,128.0,15.0,2,1,0.82,53.0,68.0,-1,-1,-1,1.0,532671,6,s1_fi2_fu1_b0_l1,41,1,2,1,0,1,2,2.4,10.3
472,3,0,0,0,69.0,39.0,85.0,-1.0,202.0,3.0,3,2,1.0,182.0,185.0,-1,-1,-1,1.0,589736,3,s0_fi3_fu2_b0_l0,24,0,3,2,0,0,2,3.9,5.9
473,5,2,1,1,81.0,67.0,136.0,-1.0,363.0,134.0,0,0,0.0,0.0,134.0,-1,-1,-1,0.0,153807,5,s2_fi0_fu0_b1_l1,59,2,0,0,1,1,2,-1.0,-1.0
474,5,0,0,1,81.0,67.0,136.0,-1.0,363.0,134.0,0,0,0.0,0.0,134.0,-1,-1,-1,0.0,119145,5,s0_fi0_fu0_b0_l1,1,0,0,0,0,1,2,-1.0,-1.0
475,3,2,0,1,69.0,39.0,85.0,-1.0,202.0,3.0,2,2,0.82,147.6,150.6,-1,-1,-1,1.0,697737,3,s2_fi2_fu2_b0_l1,73,2,2,2,0,1,2,0.5,7.9
476,5,0,1,0,81.0,67.0,136.0,-1.0,363.0,134.0,3,1,1.0,182.0,316.0,-1,-1,-1,1.0,550928,5,s0_fi3_fu1_b1_l0,22,0,3,1,1,0,2,2.8,8.6
477,3,2,1,1,69.0,39.0,85.0,-1.0,202.0,3.0,3,1,1.0,101.0,104.0,-1,-1,-1,1.0,346480,3,s2_fi3_fu1_b1_l1,79,2,3,1,1,1,2,1.5,3.1
478,3,2,1,1,69.0,39.0,85.0,-1.0,202.0,3.0,2,1,0.82,82.0,85.0,-1,-1,-1,1.0,356182,3,s2_fi2_fu1_b1_l1,71,2,2,1,1,1,2,0.7,3.6
479,2,0,1,0,69.0,42.0,72.0,-1.0,185.0,2.0,1,2,0.34,63.0,65.0,-1,-1,-1,1.0,831625,2,s0_fi1_fu2_b1_l0,10,0,1,2,1,0,2,0.5,15.4
480,4,2,0,1,88.0,56.0,91.0,-1.0,296.0,86.0,3,1,1.0,148.0,234.0,-1,-1,-1,1.0,315213,4,s2_fi3_fu1_b0_l1,77,2,3,1,0,1,2,1.3,2.3
481,3,0,1,1,69.0,39.0,85.0,-1.0,202.0,3.0,2,2,0.82,147.6,150.6,-1,-1,-1,1.0,574521,3,s0_fi2_fu2_b1_l1,19,0,2,2,1,1,2,0.8,8.1
482,4,0,0,0,88.0,56.0,91.0,-1.0,296.0,86.0,2,1,0.82,122.0,208.0,-1,-1,-1,1.0,462640,4,s0_fi2_fu1_b0_l0,12,0,2,1,0,0,2,1.7,4.7
483,8,0,0,1,135.0,135.0,164.0,56.0,1239.84,31.0,2,1,0.82,602.0,633.0,-1,-1,-1,2.0,140930,8,s0_fi2_fu1_b0_l1,13,0,2,1,0,1,2,1.0,2.0
484,2,1,1,1,69.0,42.0,72.0,-1.0,185.0,2.0,0,0,0.0,0.0,2.0,-1,-1,-1,0.0,68783,2,s1_fi0_fu0_b1_l1,31,1,0,0,1,1,2,-1.0,-1.0
485,2,1,0,0,69.0,42.0,72.0,-1.0,185.0,2.0,0,0,0.0,0.0,2.0,-1,-1,-1,0.0,54450,2,s1_fi0_fu0_b0_l0,28,1,0,0,0,0,2,-1.0,-1.0
486,5,2,0,1,81.0,67.0,136.0,-1.0,363.0,134.0,2,1,0.82,146.0,280.0,-1,-1,-1,1.0,347362,5,s2_fi2_fu1_b0_l1,69,2,2,1,0,1,2,0.4,3.5
487,4,0,0,0,88.0,56.0,91.0,-1.0,296.0,86.0,2,2,0.82,219.0,305.0,-1,-1,-1,1.0,719610,4,s0_fi2_fu2_b0_l0,16,0,2,2,0,0,2,2.6,11.6
488,9,2,1,0,80.0,80.0,131.0,45.0,471.6,15.0,1,2,0.34,159.0,174.0,-1,-1,-1,2.0,164744,9,s2_fi1_fu2_b1_l0,50,2,1,2,1,0,2,0.4,1.7
489,7,2,1,1,193.0,193.0,241.0,69.0,3209.397,59.0,1,2,0.34,1291.0,1350.0,-1,-1,-1,2.0,193101,7,s2_fi1_fu2_b1_l1,51,2,1,2,1,1,2,0.3,1.4
490,4,0,1,1,88.0,56.0,91.0,-1.0,296.0,86.0,1,2,0.34,89.0,175.0,-1,-1,-1,1.0,385994,4,s0_fi1_fu2_b1_l1,11,0,1,2,1,1,2,0.6,5.6
491,2,2,1,1,69.0,42.0,72.0,-1.0,185.0,2.0,3,1,1.0,93.0,95.0,-1,-1,-1,1.0,342776,2,s2_fi3_fu1_b1_l1,79,2,3,1,1,1,2,1.6,3.1
492,3,2,1,1,69.0,39.0,85.0,-1.0,202.0,3.0,1,1,0.34,36.0,39.0,-1,-1,-1,1.0,297221,3,s2_fi1_fu1_b1_l1,63,2,1,1,1,1,2,0.8,3.1
493,7,1,0,1,193.0,193.0,241.0,69.0,3209.397,59.0,1,1,0.34,717.0,776.0,-1,-1,-1,2.0,128979,7,s1_fi1_fu1_b0_l1,25,1,1,1,0,1,2,0.6,1.7
494,3,0,1,0,69.0,39.0,85.0,-1.0,202.0,3.0,3,1,1.0,101.0,104.0,-1,-1,-1,1.0,439532,3,s0_fi3_fu1_b1_l0,22,0,3,1,1,0,2,3.1,5.5
495,7,0,0,1,193.0,193.0,241.0,69.0,3209.397,59.0,1,2,0.34,1291.0,1350.0,-1,-1,-1,2.0,160819,7,s0_fi1_fu2_b0_l1,9,0,1,2,0,1,2,1.0,2.6
496,8,0,1,0,135.0,135.0,164.0,56.0,1239.84,31.0,1,1,0.34,266.0,297.0,-1,-1,-1,2.0,167523,8,s0_fi1_fu1_b1_l0,6,0,1,1,1,0,2,1.6,2.8
497,2,0,1,1,69.0,42.0,72.0,-1.0,185.0,2.0,1,1,0.34,35.0,37.0,-1,-1,-1,1.0,307628,2,s0_fi1_fu1_b1_l1,7,0,1,1,1,1,2,0.6,3.7
498,8,2,1,0,135.0,135.0,164.0,56.0,1239.84,31.0,2,1,0.82,602.0,633.0,-1,-1,-1,2.0,161569,8,s2_fi2_fu1_b1_l0,54,2,2,1,1,0,2,0.3,1.6
499,8,2,0,0,135.0,135.0,164.0,56.0,1239.84,31.0,0,0,0.0,0.0,31.0,-1,-1,-1,0.0,210432,8,s2_fi0_fu0_b0_l0,40,2,0,0,0,0,2,-1.0,-1.0
500,1,2,0,0,98.0,61.0,119.0,-1.0,520.0,10.0,1,1,0.34,109.0,119.0,-1,-1,-1,1.0,384847,1,s2_fi1_fu1_b0_l0,60,2,1,1,0,0,2,1.2,4.4
501,7,0,1,0,193.0,193.0,241.0,69.0,3209.397,59.0,2,1,0.82,1489.0,1548.0,-1,-1,-1,2.0,181855,7,s0_fi2_fu1_b1_l0,14,0,2,1,1,0,2,1.7,3.0
502,3,0,1,1,69.0,39.0,85.0,-1.0,202.0,3.0,1,1,0.34,36.0,39.0,-1,-1,-1,1.0,405972,3,s0_fi1_fu1_b1_l1,7,0,1,1,1,1,2,0.7,5.0
503,1,2,0,1,98.0,61.0,119.0,-1.0,520.0,10.0,1,1,0.34,109.0,119.0,-1,-1,-1,1.0,336161,1,s2_fi1_fu1_b0_l1,61,2,1,1,0,1,2,0.7,3.2
504,5,1,1,1,81.0,67.0,136.0,-1.0,363.0,134.0,3,1,1.0,182.0,316.0,-1,-1,-1,1.0,299073,5,s1_fi3_fu1_b1_l1,51,1,3,1,1,1,2,1.4,4.0
505,1,0,1,0,98.0,61.0,119.0,-1.0,520.0,10.0,3,2,1.0,468.0,478.0,-1,-1,-1,1.0,892262,1,s0_fi3_fu2_b1_l0,26,0,3,2,1,0,2,2.6,10.0
506,3,2,1,1,69.0,39.0,85.0,-1.0,202.0,3.0,1,2,0.34,66.0,69.0,-1,-1,-1,1.0,462993,3,s2_fi1_fu2_b1_l1,67,2,1,2,1,1,2,0.8,7.0
507,5,0,0,1,81.0,67.0,136.0,-1.0,363.0,134.0,2,1,0.82,146.0,280.0,-1,-1,-1,1.0,419114,5,s0_fi2_fu1_b0_l1,13,0,2,1,0,1,2,4.4,7.2
508,4,1,1,1,88.0,56.0,91.0,-1.0,296.0,86.0,2,1,0.82,122.0,208.0,-1,-1,-1,1.0,232350,4,s1_fi2_fu1_b1_l1,43,1,2,1,1,1,2,0.6,2.9
509,3,1,1,1,69.0,39.0,85.0,-1.0,202.0,3.0,3,2,1.0,182.0,185.0,-1,-1,-1,1.0,366855,3,s1_fi3_fu2_b1_l1,55,1,3,2,1,1,2,1.1,3.6
510,1,0,1,1,98.0,61.0,119.0,-1.0,520.0,10.0,1,2,0.34,195.0,205.0,-1,-1,-1,1.0,795110,1,s0_fi1_fu2_b1_l1,11,0,1,2,1,1,2,0.8,12.9
511,6,2,1,1,49.0,59.0,175.0,-1.0,128.0,15.0,2,2,0.82,95.0,110.0,-1,-1,-1,1.0,736545,6,s2_fi2_fu2_b1_l1,75,2,2,2,1,1,2,0.8,11.6
512,9,0,0,0,80.0,80.0,131.0,45.0,471.6,15.0,0,0,0.0,0.0,15.0,-1,-1,-1,0.0,119365,9,s0_fi0_fu0_b0_l0,0,0,0,0,0,0,2,-1.0,-1.0
513,4,2,0,1,88.0,56.0,91.0,-1.0,296.0,86.0,2,1,0.82,122.0,208.0,-1,-1,-1,1.0,589868,4,s2_fi2_fu1_b0_l1,69,2,2,1,0,1,2,0.5,4.0
514,1,0,0,1,98.0,61.0,119.0,-1.0,520.0,10.0,3,1,1.0,260.0,270.0,-1,-1,-1,1.0,374440,1,s0_fi3_fu1_b0_l1,21,0,3,1,0,1,2,2.6,4.5
515,2,0,0,0,69.0,42.0,72.0,-1.0,185.0,2.0,1,2,0.34,63.0,65.0,-1,-1,-1,1.0,634674,2,s0_fi1_fu2_b0_l0,8,0,1,2,0,0,2,1.7,10.2
516,2,0,0,1,69.0,42.0,72.0,-1.0,185.0,2.0,1,1,0.34,35.0,37.0,-1,-1,-1,1.0,362489,2,s0_fi1_fu1_b0_l1,5,0,1,1,0,1,2,1.3,5.5
517,4,2,0,0,88.0,56.0,91.0,-1.0,296.0,86.0,2,1,0.82,122.0,208.0,-1,-1,-1,1.0,398562,4,s2_fi2_fu1_b0_l0,68,2,2,1,0,0,2,0.9,4.2
518,6,0,0,1,49.0,59.0,175.0,-1.0,128.0,15.0,1,2,0.34,39.0,54.0,-1,-1,-1,1.0,676878,6,s0_fi1_fu2_b0_l1,9,0,1,2,0,1,2,2.0,11.0
519,1,0,0,1,98.0,61.0,119.0,-1.0,520.0,10.0,0,0,0.0,0.0,10.0,-1,-1,-1,0.0,102387,1,s0_fi0_fu0_b0_l1,1,0,0,0,0,1,2,-1.0,-1.0
520,7,2,1,0,193.0,193.0,241.0,69.0,3209.397,59.0,2,2,0.82,2680.0,2739.0,-1,-1,-1,2.0,212460,7,s2_fi2_fu2_b1_l0,58,2,2,2,1,0,2,0.3,2.0
521,6,1,0,1,49.0,59.0,175.0,-1.0,128.0,15.0,1,2,0.34,39.0,54.0,-1,-1,-1,1.0,442310,6,s1_fi1_fu2_b0_l1,37,1,1,2,0,1,2,2.3,8.4
522,2,0,1,1,69.0,42.0,72.0,-1.0,185.0,2.0,0,0,0.0,0.0,2.0,-1,-1,-1,0.0,94934,2,s0_fi0_fu0_b1_l1,3,0,0,0,1,1,2,-1.0,-1.0
523,9,2,0,0,80.0,80.0,131.0,45.0,471.6,15.0,2,1,0.82,193.0,208.0,-1,-1,-1,2.0,210211,9,s2_fi2_fu1_b0_l0,52,2,2,1,0,0,2,0.6,1.8
524,9,1,0,1,80.0,80.0,131.0,45.0,471.6,15.0,2,2,0.82,347.0,362.0,-1,-1,-1,2.0,88098,9,s1_fi2_fu2_b0_l1,37,1,2,2,0,1,2,0.4,1.1
525,8,0,0,0,135.0,135.0,164.0,56.0,1239.84,31.0,0,0,0.0,0.0,31.0,-1,-1,-1,0.0,129641,8,s0_fi0_fu0_b0_l0,0,0,0,0,0,0,2,-1.0,-1.0
526,3,2,0,1,69.0,39.0,85.0,-1.0,202.0,3.0,3,1,1.0,101.0,104.0,-1,-1,-1,1.0,324122,3,s2_fi3_fu1_b0_l1,77,2,3,1,0,1,2,0.9,1.8
527,3,0,0,1,69.0,39.0,85.0,-1.0,202.0,3.0,3,1,1.0,101.0,104.0,-1,-1,-1,1.0,367296,3,s0_fi3_fu1_b0_l1,21,0,3,1,0,1,2,2.7,4.4
528,2,2,0,1,69.0,42.0,72.0,-1.0,185.0,2.0,3,1,1.0,93.0,95.0,-1,-1,-1,1.0,346921,2,s2_fi3_fu1_b0_l1,77,2,3,1,0,1,2,1.3,2.3
529,5,1,0,0,81.0,67.0,136.0,-1.0,363.0,134.0,2,2,0.82,262.0,396.0,-1,-1,-1,1.0,380129,5,s1_fi2_fu2_b0_l0,44,1,2,2,0,0,2,0.6,6.0
530,5,2,0,1,81.0,67.0,136.0,-1.0,363.0,134.0,1,2,0.34,128.0,262.0,-1,-1,-1,1.0,382069,5,s2_fi1_fu2_b0_l1,65,2,1,2,0,1,2,0.2,5.0
531,3,0,0,0,69.0,39.0,85.0,-1.0,202.0,3.0,2,1,0.82,82.0,85.0,-1,-1,-1,1.0,526452,3,s0_fi2_fu1_b0_l0,12,0,2,1,0,0,2,2.2,8.3
532,9,0,0,0,80.0,80.0,131.0,45.0,471.6,15.0,2,2,0.82,347.0,362.0,-1,-1,-1,2.0,134800,9,s0_fi2_fu2_b0_l0,16,0,2,2,0,0,2,1.1,2.4
533,6,0,0,0,49.0,59.0,175.0,-1.0,128.0,15.0,3,1,1.0,64.0,79.0,-1,-1,-1,1.0,416026,6,s0_fi3_fu1_b0_l0,20,0,3,1,0,0,2,3.4,5.5
534,6,1,0,0,49.0,59.0,175.0,-1.0,128.0,15.0,1,2,0.34,39.0,54.0,-1,-1,-1,1.0,244521,6,s1_fi1_fu2_b0_l0,36,1,1,2,0,0,2,2.0,4.5
535,6,1,1,1,49.0,59.0,175.0,-1.0,128.0,15.0,1,2,0.34,39.0,54.0,-1,-1,-1,1.0,327738,6,s1_fi1_fu2_b1_l1,39,1,1,2,1,1,2,2.0,5.1
536,1,2,0,0,98.0,61.0,119.0,-1.0,520.0,10.0,2,1,0.82,222.0,232.0,-1,-1,-1,1.0,650903,1,s2_fi2_fu1_b0_l0,68,2,2,1,0,0,2,1.1,6.7
537,7,0,0,1,193.0,193.0,241.0,69.0,3209.397,59.0,2,1,0.82,1489.0,1548.0,-1,-1,-1,2.0,153807,7,s0_fi2_fu1_b0_l1,13,0,2,1,0,1,2,1.2,2.2
538,3,0,1,0,69.0,39.0,85.0,-1.0,202.0,3.0,2,1,0.82,82.0,85.0,-1,-1,-1,1.0,617122,3,s0_fi2_fu1_b1_l0,14,0,2,1,1,0,2,1.7,10.5
539,8,1,0,1,135.0,135.0,164.0,56.0,1239.84,31.0,1,2,0.34,478.0,509.0,-1,-1,-1,2.0,112839,8,s1_fi1_fu2_b0_l1,29,1,1,2,0,1,2,0.5,1.5
540,9,1,1,1,80.0,80.0,131.0,45.0,471.6,15.0,0,0,0.0,0.0,15.0,-1,-1,-1,0.0,95022,9,s1_fi0_fu0_b1_l1,23,1,0,0,1,1,2,-1.0,-1.0
541,5,2,1,0,81.0,67.0,136.0,-1.0,363.0,134.0,2,1,0.82,146.0,280.0,-1,-1,-1,1.0,264719,5,s2_fi2_fu1_b1_l0,70,2,2,1,1,0,2,0.2,3.7
542,1,1,0,0,98.0,61.0,119.0,-1.0,520.0,10.0,0,0,0.0,0.0,10.0,-1,-1,-1,0.0,69180,1,s1_fi0_fu0_b0_l0,28,1,0,0,0,0,2,-1.0,-1.0
543,3,2,1,0,69.0,39.0,85.0,-1.0,202.0,3.0,3,2,1.0,182.0,185.0,-1,-1,-1,1.0,494436,3,s2_fi3_fu2_b1_l0,82,2,3,2,1,0,2,1.0,1.8
544,4,2,0,0,88.0,56.0,91.0,-1.0,296.0,86.0,0,0,0.0,0.0,86.0,-1,-1,-1,0.0,159761,4,s2_fi0_fu0_b0_l0,56,2,0,0,0,0,2,-1.0,-1.0
545,7,0,1,0,193.0,193.0,241.0,69.0,3209.397,59.0,1,1,0.34,717.0,776.0,-1,-1,-1,2.0,173035,7,s0_fi1_fu1_b1_l0,6,0,1,1,1,0,2,1.4,2.7
546,1,1,0,1,98.0,61.0,119.0,-1.0,520.0,10.0,3,2,1.0,468.0,478.0,-1,-1,-1,1.0,754494,1,s1_fi3_fu2_b0_l1,53,1,3,2,0,1,2,1.7,6.5
547,1,2,1,0,98.0,61.0,119.0,-1.0,520.0,10.0,1,1,0.34,109.0,119.0,-1,-1,-1,1.0,235260,1,s2_fi1_fu1_b1_l0,62,2,1,1,1,0,2,0.4,2.4
548,7,2,0,1,193.0,193.0,241.0,69.0,3209.397,59.0,0,0,0.0,0.0,59.0,-1,-1,-1,0.0,146575,7,s2_fi0_fu0_b0_l1,41,2,0,0,0,1,2,-1.0,-1.0
549,1,1,1,0,98.0,61.0,119.0,-1.0,520.0,10.0,3,2,1.0,468.0,478.0,-1,-1,-1,1.0,526232,1,s1_fi3_fu2_b1_l0,54,1,3,2,1,0,2,1.8,4.6
550,1,1,0,0,98.0,61.0,119.0,-1.0,520.0,10.0,2,1,0.82,222.0,232.0,-1,-1,-1,1.0,190146,1,s1_fi2_fu1_b0_l0,40,1,2,1,0,0,2,0.8,3.1
551,6,1,1,0,49.0,59.0,175.0,-1.0,128.0,15.0,2,2,0.82,95.0,110.0,-1,-1,-1,1.0,643582,6,s1_fi2_fu2_b1_l0,46,1,2,2,1,0,2,2.5,11.2
552,9,0,1,1,80.0,80.0,131.0,45.0,471.6,15.0,0,0,0.0,0.0,15.0,-1,-1,-1,0.0,116234,9,s0_fi0_fu0_b1_l1,3,0,0,0,1,1,2,-1.0,-1.0
553,7,2,1,1,193.0,193.0,241.0,69.0,3209.397,59.0,2,2,0.82,2680.0,2739.0,-1,-1,-1,2.0,189881,7,s2_fi2_fu2_b1_l1,59,2,2,2,1,1,2,0.6,1.6
554,1,1,0,1,98.0,61.0,119.0,-1.0,520.0,10.0,0,0,0.0,0.0,10.0,-1,-1,-1,0.0,70900,1,s1_fi0_fu0_b0_l1,29,1,0,0,0,1,2,-1.0,-1.0
555,5,2,1,1,81.0,67.0,136.0,-1.0,363.0,134.0,2,2,0.82,262.0,396.0,-1,-1,-1,1.0,715333,5,s2_fi2_fu2_b1_l1,75,2,2,2,1,1,2,0.6,10.5
556,9,2,1,0,80.0,80.0,131.0,45.0,471.6,15.0,1,1,0.34,89.0,104.0,-1,-1,-1,2.0,135903,9,s2_fi1_fu1_b1_l0,46,2,1,1,1,0,2,0.2,1.0
557,2,1,1,0,69.0,42.0,72.0,-1.0,185.0,2.0,1,2,0.34,63.0,65.0,-1,-1,-1,1.0,461053,2,s1_fi1_fu2_b1_l0,38,1,1,2,1,0,2,0.6,8.5
558,6,1,0,1,49.0,59.0,175.0,-1.0,128.0,15.0,1,1,0.34,22.0,37.0,-1,-1,-1,1.0,314067,6,s1_fi1_fu1_b0_l1,33,1,1,1,0,1,2,2.0,5.4
559,2,1,1,0,69.0,42.0,72.0,-1.0,185.0,2.0,2,2,0.82,137.0,139.0,-1,-1,-1,1.0,954443,2,s1_fi2_fu2_b1_l0,46,1,2,2,1,0,2,0.5,15.5
560,3,1,1,1,69.0,39.0,85.0,-1.0,202.0,3.0,2,1,0.82,82.0,85.0,-1,-1,-1,1.0,268644,3,s1_fi2_fu1_b1_l1,43,1,2,1,1,1,2,0.3,3.7
561,2,2,0,0,69.0,42.0,72.0,-1.0,185.0,2.0,1,2,0.34,63.0,65.0,-1,-1,-1,1.0,571567,2,s2_fi1_fu2_b0_l0,64,2,1,2,0,0,2,1.4,8.6
562,2,0,1,1,69.0,42.0,72.0,-1.0,185.0,2.0,2,2,0.82,137.0,139.0,-1,-1,-1,1.0,550267,2,s0_fi2_fu2_b1_l1,19,0,2,2,1,1,2,0.7,6.3
563,5,0,1,0,81.0,67.0,136.0,-1.0,363.0,134.0,1,2,0.34,128.0,262.0,-1,-1,-1,1.0,569450,5,s0_fi1_fu2_b1_l0,10,0,1,2,1,0,2,3.2,9.1
564,6,0,0,0,49.0,59.0,175.0,-1.0,128.0,15.0,3,2,1.0,115.0,130.0,-1,-1,-1,1.0,575271,6,s0_fi3_fu2_b0_l0,24,0,3,2,0,0,2,4.4,8.0
565,4,1,1,0,88.0,56.0,91.0,-1.0,296.0,86.0,2,2,0.82,219.0,305.0,-1,-1,-1,1.0,706028,4,s1_fi2_fu2_b1_l0,46,1,2,2,1,0,2,0.6,8.1
566,1,0,0,1,98.0,61.0,119.0,-1.0,520.0,10.0,1,1,0.34,109.0,119.0,-1,-1,-1,1.0,431946,1,s0_fi1_fu1_b0_l1,5,0,1,1,0,1,2,2.0,6.5
567,8,1,1,1,135.0,135.0,164.0,56.0,1239.84,31.0,2,2,0.82,1084.0,1115.0,-1,-1,-1,2.0,117028,8,s1_fi2_fu2_b1_l1,39,1,2,2,1,1,2,0.4,1.4
568,9,0,0,0,80.0,80.0,131.0,45.0,471.6,15.0,1,1,0.34,89.0,104.0,-1,-1,-1,2.0,118748,9,s0_fi1_fu1_b0_l0,4,0,1,1,0,0,2,1.0,2.2
569,4,2,1,1,88.0,56.0,91.0,-1.0,296.0,86.0,1,1,0.34,45.0,131.0,-1,-1,-1,1.0,291664,4,s2_fi1_fu1_b1_l1,63,2,1,1,1,1,2,0.7,2.7
570,7,1,0,0,193.0,193.0,241.0,69.0,3209.397,59.0,0,0,0.0,0.0,59.0,-1,-1,-1,0.0,91406,7,s1_fi0_fu0_b0_l0,20,1,0,0,0,0,2,-1.0,-1.0
571,5,2,0,1,81.0,67.0,136.0,-1.0,363.0,134.0,2,2,0.82,262.0,396.0,-1,-1,-1,1.0,566054,5,s2_fi2_fu2_b0_l1,73,2,2,2,0,1,2,0.4,9.8
572,3,1,1,1,69.0,39.0,85.0,-1.0,202.0,3.0,3,1,1.0,101.0,104.0,-1,-1,-1,1.0,321343,3,s1_fi3_fu1_b1_l1,51,1,3,1,1,1,2,1.4,3.8
573,3,1,1,1,69.0,39.0,85.0,-1.0,202.0,3.0,1,2,0.34,66.0,69.0,-1,-1,-1,1.0,335455,3,s1_fi1_fu2_b1_l1,39,1,1,2,1,1,2,0.4,5.4
574,1,0,0,0,98.0,61.0,119.0,-1.0,520.0,10.0,3,1,1.0,260.0,270.0,-1,-1,-1,1.0,425860,1,s0_fi3_fu1_b0_l0,20,0,3,1,0,0,2,3.6,6.3
575,5,2,1,1,81.0,67.0,136.0,-1.0,363.0,134.0,1,2,0.34,128.0,262.0,-1,-1,-1,1.0,508989,5,s2_fi1_fu2_b1_l1,67,2,1,2,1,1,2,1.0,7.8
576,2,0,1,0,69.0,42.0,72.0,-1.0,185.0,2.0,3,2,1.0,167.0,169.0,-1,-1,-1,1.0,650947,2,s0_fi3_fu2_b1_l0,26,0,3,2,1,0,2,2.8,8.2
577,5,2,0,0,81.0,67.0,136.0,-1.0,363.0,134.0,3,2,1.0,327.0,461.0,-1,-1,-1,1.0,440325,5,s2_fi3_fu2_b0_l0,80,2,3,2,0,0,2,1.5,6.0
578,2,0,0,1,69.0,42.0,72.0,-1.0,185.0,2.0,1,2,0.34,63.0,65.0,-1,-1,-1,1.0,451350,2,s0_fi1_fu2_b0_l1,9,0,1,2,0,1,2,1.5,7.7
579,2,1,1,0,69.0,42.0,72.0,-1.0,185.0,2.0,3,2,1.0,167.0,169.0,-1,-1,-1,1.0,431726,2,s1_fi3_fu2_b1_l0,54,1,3,2,1,0,2,1.1,2.8
580,4,2,1,1,88.0,56.0,91.0,-1.0,296.0,86.0,1,2,0.34,89.0,175.0,-1,-1,-1,1.0,410778,4,s2_fi1_fu2_b1_l1,67,2,1,2,1,1,2,0.8,4.8
581,5,0,0,0,81.0,67.0,136.0,-1.0,363.0,134.0,2,2,0.82,262.0,396.0,-1,-1,-1,1.0,629514,5,s0_fi2_fu2_b0_l0,16,0,2,2,0,0,2,3.6,10.8
582,9,2,0,1,80.0,80.0,131.0,45.0,471.6,15.0,2,2,0.82,347.0,362.0,-1,-1,-1,2.0,191028,9,s2_fi2_fu2_b0_l1,57,2,2,2,0,1,2,0.4,1.7
583,6,2,1,0,49.0,59.0,175.0,-1.0,128.0,15.0,1,2,0.34,39.0,54.0,-1,-1,-1,1.0,650021,6,s2_fi1_fu2_b1_l0,66,2,1,2,1,0,2,0.4,10.2
584,1,2,0,1,98.0,61.0,119.0,-1.0,520.0,10.0,1,2,0.34,195.0,205.0,-1,-1,-1,1.0,851779,1,s2_fi1_fu2_b0_l1,65,2,1,2,0,1,2,0.6,13.5
585,6,1,0,0,49.0,59.0,175.0,-1.0,128.0,15.0,2,1,0.82,53.0,68.0,-1,-1,-1,1.0,311641,6,s1_fi2_fu1_b0_l0,40,1,2,1,0,0,2,2.8,5.7
586,3,1,0,1,69.0,39.0,85.0,-1.0,202.0,3.0,2,1,0.82,82.0,85.0,-1,-1,-1,1.0,401473,3,s1_fi2_fu1_b0_l1,41,1,2,1,0,1,2,0.5,7.0
587,1,1,1,1,98.0,61.0,119.0,-1.0,520.0,10.0,3,1,1.0,260.0,270.0,-1,-1,-1,1.0,254135,1,s1_fi3_fu1_b1_l1,51,1,3,1,1,1,2,1.1,2.8
588,9,2,1,1,80.0,80.0,131.0,45.0,471.6,15.0,0,0,0.0,0.0,15.0,-1,-1,-1,0.0,180312,9,s2_fi0_fu0_b1_l1,43,2,0,0,1,1,2,-1.0,-1.0
589,9,2,1,0,80.0,80.0,131.0,45.0,471.6,15.0,2,2,0.82,347.0,362.0,-1,-1,-1,2.0,169331,9,s2_fi2_fu2_b1_l0,58,2,2,2,1,0,2,0.2,1.3
590,5,0,0,0,81.0,67.0,136.0,-1.0,363.0,134.0,1,1,0.34,71.0,205.0,-1,-1,-1,1.0,365311,5,s0_fi1_fu1_b0_l0,4,0,1,1,0,0,2,3.2,6.2
591,1,1,1,0,98.0,61.0,119.0,-1.0,520.0,10.0,1,2,0.34,195.0,205.0,-1,-1,-1,1.0,629382,1,s1_fi1_fu2_b1_l0,38,1,1,2,1,0,2,1.6,12.2
592,7,0,1,1,193.0,193.0,241.0,69.0,3209.397,59.0,1,1,0.34,717.0,776.0,-1,-1,-1,2.0,160819,7,s0_fi1_fu1_b1_l1,7,0,1,1,1,1,2,0.9,2.3
593,6,1,1,1,49.0,59.0,175.0,-1.0,128.0,15.0,0,0,0.0,0.0,15.0,-1,-1,-1,0.0,70988,6,s1_fi0_fu0_b1_l1,31,1,0,0,1,1,2,-1.0,-1.0
594,1,1,0,1,98.0,61.0,119.0,-1.0,520.0,10.0,3,1,1.0,260.0,270.0,-1,-1,-1,1.0,395828,1,s1_fi3_fu1_b0_l1,49,1,3,1,0,1,2,1.5,5.0
595,2,1,0,1,69.0,42.0,72.0,-1.0,185.0,2.0,0,0,0.0,0.0,2.0,-1,-1,-1,0.0,77206,2,s1_fi0_fu0_b0_l1,29,1,0,0,0,1,2,-1.0,-1.0
596,5,2,1,1,81.0,67.0,136.0,-1.0,363.0,134.0,3,1,1.0,182.0,316.0,-1,-1,-1,1.0,367340,5,s2_fi3_fu1_b1_l1,79,2,3,1,1,1,2,1.0,4.0
597,2,1,1,1,69.0,42.0,72.0,-1.0,185.0,2.0,1,1,0.34,35.0,37.0,-1,-1,-1,1.0,228028,2,s1_fi1_fu1_b1_l1,35,1,1,1,1,1,2,0.7,3.0
598,4,0,0,0,88.0,56.0,91.0,-1.0,296.0,86.0,1,2,0.34,89.0,175.0,-1,-1,-1,1.0,357020,4,s0_fi1_fu2_b0_l0,8,0,1,2,0,0,2,1.9,4.7
599,2,1,0,0,69.0,42.0,72.0,-1.0,185.0,2.0,1,2,0.34,63.0,65.0,-1,-1,-1,1.0,262382,2,s1_fi1_fu2_b0_l0,36,1,1,2,0,0,2,0.2,4.3
600,5,1,1,0,81.0,67.0,136.0,-1.0,363.0,134.0,1,2,0.34,128.0,262.0,-1,-1,-1,1.0,371530,5,s1_fi1_fu2_b1_l0,38,1,1,2,1,0,2,1.2,6.8
601,2,1,1,0,69.0,42.0,72.0,-1.0,185.0,2.0,2,1,0.82,76.0,78.0,-1,-1,-1,1.0,266615,2,s1_fi2_fu1_b1_l0,42,1,2,1,1,0,2,0.9,4.0
602,6,1,1,0,49.0,59.0,175.0,-1.0,128.0,15.0,3,2,1.0,115.0,130.0,-1,-1,-1,1.0,392521,6,s1_fi3_fu2_b1_l0,54,1,3,2,1,0,2,2.0,5.6
603,3,0,0,1,69.0,39.0,85.0,-1.0,202.0,3.0,1,1,0.34,36.0,39.0,-1,-1,-1,1.0,338057,3,s0_fi1_fu1_b0_l1,5,0,1,1,0,1,2,1.3,5.4
604,5,2,0,0,81.0,67.0,136.0,-1.0,363.0,134.0,3,1,1.0,182.0,316.0,-1,-1,-1,1.0,379379,5,s2_fi3_fu1_b0_l0,76,2,3,1,0,0,2,0.8,4.8
605,4,1,0,0,88.0,56.0,91.0,-1.0,296.0,86.0,2,1,0.82,122.0,208.0,-1,-1,-1,1.0,192087,4,s1_fi2_fu1_b0_l0,40,1,2,1,0,0,2,0.8,2.4
606,2,0,0,0,69.0,42.0,72.0,-1.0,185.0,2.0,3,2,1.0,167.0,169.0,-1,-1,-1,1.0,635600,2,s0_fi3_fu2_b0_l0,24,0,3,2,0,0,2,3.7,7.1
607,4,2,0,0,88.0,56.0,91.0,-1.0,296.0,86.0,1,2,0.34,89.0,175.0,-1,-1,-1,1.0,659546,4,s2_fi1_fu2_b0_l0,64,2,1,2,0,0,2,0.5,6.6
608,8,2,0,0,135.0,135.0,164.0,56.0,1239.84,31.0,2,1,0.82,602.0,633.0,-1,-1,-1,2.0,201347,8,s2_fi2_fu1_b0_l0,52,2,2,1,0,0,2,0.5,1.5
609,2,0,0,1,69.0,42.0,72.0,-1.0,185.0,2.0,0,0,0.0,0.0,2.0,-1,-1,-1,0.0,93258,2,s0_fi0_fu0_b0_l1,1,0,0,0,0,1,2,-1.0,-1.0
610,9,0,1,0,80.0,80.0,131.0,45.0,471.6,15.0,2,2,0.82,347.0,362.0,-1,-1,-1,2.0,155792,9,s0_fi2_fu2_b1_l0,18,0,2,2,1,0,2,1.7,2.6
611,8,0,1,1,135.0,135.0,164.0,56.0,1239.84,31.0,1,2,0.34,478.0,509.0,-1,-1,-1,2.0,156321,8,s0_fi1_fu2_b1_l1,11,0,1,2,1,1,2,1.4,2.4
612,6,1,0,0,49.0,59.0,175.0,-1.0,128.0,15.0,2,2,0.82,95.0,110.0,-1,-1,-1,1.0,618048,6,s1_fi2_fu2_b0_l0,44,1,2,2,0,0,2,2.4,12.0
613,2,2,1,1,69.0,42.0,72.0,-1.0,185.0,2.0,1,2,0.34,63.0,65.0,-1,-1,-1,1.0,433093,2,s2_fi1_fu2_b1_l1,67,2,1,2,1,1,2,0.5,5.4
614,3,0,1,0,69.0,39.0,85.0,-1.0,202.0,3.0,0,0,0.0,0.0,3.0,-1,-1,-1,0.0,104812,3,s0_fi0_fu0_b1_l0,2,0,0,0,1,0,2,-1.0,-1.0
615,8,1,0,1,135.0,135.0,164.0,56.0,1239.84,31.0,2,1,0.82,602.0,633.0,-1,-1,-1,2.0,102255,8,s1_fi2_fu1_b0_l1,33,1,2,1,0,1,2,0.4,1.5
616,4,2,1,0,88.0,56.0,91.0,-1.0,296.0,86.0,2,2,0.82,219.0,305.0,-1,-1,-1,1.0,645346,4,s2_fi2_fu2_b1_l0,74,2,2,2,1,0,2,0.5,10.5
617,5,1,1,0,81.0,67.0,136.0,-1.0,363.0,134.0,3,2,1.0,327.0,461.0,-1,-1,-1,1.0,327959,5,s1_fi3_fu2_b1_l0,54,1,3,2,1,0,2,1.6,5.2
618,1,0,0,0,98.0,61.0,119.0,-1.0,520.0,10.0,0,0,0.0,0.0,10.0,-1,-1,-1,0.0,116940,1,s0_fi0_fu0_b0_l0,0,0,0,0,0,0,2,-1.0,-1.0
619,5,2,1,0,81.0,67.0,136.0,-1.0,363.0,134.0,2,2,0.82,262.0,396.0,-1,-1,-1,1.0,714892,5,s2_fi2_fu2_b1_l0,74,2,2,2,1,0,2,0.5,12.2
620,6,2,1,1,49.0,59.0,175.0,-1.0,128.0,15.0,0,0,0.0,0.0,15.0,-1,-1,-1,0.0,146884,6,s2_fi0_fu0_b1_l1,59,2,0,0,1,1,2,-1.0,-1.0
621,3,0,0,0,69.0,39.0,85.0,-1.0,202.0,3.0,2,2,0.82,147.6,150.6,-1,-1,-1,1.0,810633,3,s0_fi2_fu2_b0_l0,16,0,2,2,0,0,2,1.5,14.5
622,7,2,0,0,193.0,193.0,241.0,69.0,3209.397,59.0,0,0,0.0,0.0,59.0,-1,-1,-1,0.0,178724,7,s2_fi0_fu0_b0_l0,40,2,0,0,0,0,2,-1.0,-1.0
623,1,1,0,1,98.0,61.0,119.0,-1.0,520.0,10.0,1,1,0.34,109.0,119.0,-1,-1,-1,1.0,280683,1,s1_fi1_fu1_b0_l1,33,1,1,1,0,1,2,1.0,4.5
624,6,0,0,1,49.0,59.0,175.0,-1.0,128.0,15.0,2,1,0.82,53.0,68.0,-1,-1,-1,1.0,773898,6,s0_fi2_fu1_b0_l1,13,0,2,1,0,1,2,5.0,14.2
625,4,2,0,1,88.0,56.0,91.0,-1.0,296.0,86.0,2,2,0.82,219.0,305.0,-1,-1,-1,1.0,548238,4,s2_fi2_fu2_b0_l1,73,2,2,2,0,1,2,0.5,4.9
626,3,0,0,1,69.0,39.0,85.0,-1.0,202.0,3.0,1,2,0.34,66.0,69.0,-1,-1,-1,1.0,498802,3,s0_fi1_fu2_b0_l1,9,0,1,2,0,1,2,2.0,9.2
627,4,1,1,1,88.0,56.0,91.0,-1.0,296.0,86.0,3,2,1.0,266.0,352.0,-1,-1,-1,1.0,425596,4,s1_fi3_fu2_b1_l1,55,1,3,2,1,1,2,1.1,3.0
628,4,0,1,1,88.0,56.0,91.0,-1.0,296.0,86.0,3,2,1.0,266.0,352.0,-1,-1,-1,1.0,547444,4,s0_fi3_fu2_b1_l1,27,0,3,2,1,1,2,1.7,4.5
629,6,1,1,1,49.0,59.0,175.0,-1.0,128.0,15.0,1,1,0.34,22.0,37.0,-1,-1,-1,1.0,214313,6,s1_fi1_fu1_b1_l1,35,1,1,1,1,1,2,1.4,3.0
630,9,0,1,0,80.0,80.0,131.0,45.0,471.6,15.0,2,1,0.82,193.0,208.0,-1,-1,-1,2.0,155924,9,s0_fi2_fu1_b1_l0,14,0,2,1,1,0,2,1.5,2.4
631,9,1,0,0,80.0,80.0,131.0,45.0,471.6,15.0,1,1,0.34,89.0,104.0,-1,-1,-1,2.0,83512,9,s1_fi1_fu1_b0_l0,24,1,1,1,0,0,2,0.6,1.4
632,8,1,1,1,135.0,135.0,164.0,56.0,1239.84,31.0,2,1,0.82,602.0,633.0,-1,-1,-1,2.0,113765,8,s1_fi2_fu1_b1_l1,35,1,2,1,1,1,2,0.8,1.6
633,8,2,0,1,135.0,135.0,164.0,56.0,1239.84,31.0,2,1,0.82,602.0,633.0,-1,-1,-1,2.0,199760,8,s2_fi2_fu1_b0_l1,53,2,2,1,0,1,2,0.6,1.6
634,3,2,1,1,69.0,39.0,85.0,-1.0,202.0,3.0,0,0,0.0,0.0,3.0,-1,-1,-1,0.0,150544,3,s2_fi0_fu0_b1_l1,59,2,0,0,1,1,2,-1.0,-1.0
635,4,2,0,0,88.0,56.0,91.0,-1.0,296.0,86.0,3,2,1.0,266.0,352.0,-1,-1,-1,1.0,483940,4,s2_fi3_fu2_b0_l0,80,2,3,2,0,0,2,2.0,6.2
636,5,0,1,0,81.0,67.0,136.0,-1.0,363.0,134.0,1,1,0.34,71.0,205.0,-1,-1,-1,1.0,476928,5,s0_fi1_fu1_b1_l0,6,0,1,1,1,0,2,3.4,7.7
637,5,0,1,1,81.0,67.0,136.0,-1.0,363.0,134.0,0,0,0.0,0.0,134.0,-1,-1,-1,0.0,107723,5,s0_fi0_fu0_b1_l1,3,0,0,0,1,1,2,-1.0,-1.0
638,1,1,1,0,98.0,61.0,119.0,-1.0,520.0,10.0,2,2,0.82,399.0,409.0,-1,-1,-1,1.0,888028,1,s1_fi2_fu2_b1_l0,46,1,2,2,1,0,2,0.4,15.4
639,5,2,1,0,81.0,67.0,136.0,-1.0,363.0,134.0,1,2,0.34,128.0,262.0,-1,-1,-1,1.0,566936,5,s2_fi1_fu2_b1_l0,66,2,1,2,1,0,2,0.2,10.0
640,2,1,0,1,69.0,42.0,72.0,-1.0,185.0,2.0,1,1,0.34,35.0,37.0,-1,-1,-1,1.0,257839,2,s1_fi1_fu1_b0_l1,33,1,1,1,0,1,2,0.7,4.2
641,1,0,0,1,98.0,61.0,119.0,-1.0,520.0,10.0,2,1,0.82,222.0,232.0,-1,-1,-1,1.0,371882,1,s0_fi2_fu1_b0_l1,13,0,2,1,0,1,2,2.0,4.8
642,6,1,1,1,49.0,59.0,175.0,-1.0,128.0,15.0,2,2,0.82,95.0,110.0,-1,-1,-1,1.0,529011,6,s1_fi2_fu2_b1_l1,47,1,2,2,1,1,2,2.3,8.0
643,7,2,0,1,193.0,193.0,241.0,69.0,3209.397,59.0,1,2,0.34,1291.0,1350.0,-1,-1,-1,2.0,178769,7,s2_fi1_fu2_b0_l1,49,2,1,2,0,1,2,0.3,1.6
644,6,2,1,0,49.0,59.0,175.0,-1.0,128.0,15.0,1,1,0.34,22.0,37.0,-1,-1,-1,1.0,341056,6,s2_fi1_fu1_b1_l0,62,2,1,1,1,0,2,1.0,5.0
645,4,2,1,1,88.0,56.0,91.0,-1.0,296.0,86.0,0,0,0.0,0.0,86.0,-1,-1,-1,0.0,136167,4,s2_fi0_fu0_b1_l1,59,2,0,0,1,1,2,-1.0,-1.0
646,7,2,0,0,193.0,193.0,241.0,69.0,3209.397,59.0,1,2,0.34,1291.0,1350.0,-1,-1,-1,2.0,194865,7,s2_fi1_fu2_b0_l0,48,2,1,2,0,0,2,0.6,1.4
647,6,2,1,0,49.0,59.0,175.0,-1.0,128.0,15.0,3,2,1.0,115.0,130.0,-1,-1,-1,1.0,449277,6,s2_fi3_fu2_b1_l0,82,2,3,2,1,0,2,1.1,6.0
648,1,1,1,1,98.0,61.0,119.0,-1.0,520.0,10.0,2,2,0.82,399.0,409.0,-1,-1,-1,1.0,931202,1,s1_fi2_fu2_b1_l1,47,1,2,2,1,1,2,1.5,17.0
649,4,0,1,1,88.0,56.0,91.0,-1.0,296.0,86.0,2,2,0.82,219.0,305.0,-1,-1,-1,1.0,644552,4,s0_fi2_fu2_b1_l1,19,0,2,2,1,1,2,1.4,9.3
650,4,2,1,1,88.0,56.0,91.0,-1.0,296.0,86.0,3,2,1.0,266.0,352.0,-1,-1,-1,1.0,526982,4,s2_fi3_fu2_b1_l1,83,2,3,2,1,1,2,1.8,3.0
651,9,0,1,1,80.0,80.0,131.0,45.0,471.6,15.0,2,1,0.82,193.0,208.0,-1,-1,-1,2.0,122982,9,s0_fi2_fu1_b1_l1,15,0,2,1,1,1,2,1.0,2.0
652,2,1,1,0,69.0,42.0,72.0,-1.0,185.0,2.0,0,0,0.0,0.0,2.0,-1,-1,-1,0.0,64461,2,s1_fi0_fu0_b1_l0,30,1,0,0,1,0,2,-1.0,-1.0
653,5,1,0,1,81.0,67.0,136.0,-1.0,363.0,134.0,1,2,0.34,128.0,262.0,-1,-1,-1,1.0,454481,5,s1_fi1_fu2_b0_l1,37,1,1,2,0,1,2,1.6,7.2
654,9,2,0,0,80.0,80.0,131.0,45.0,471.6,15.0,0,0,0.0,0.0,15.0,-1,-1,-1,0.0,208580,9,s2_fi0_fu0_b0_l0,40,2,0,0,0,0,2,-1.0,-1.0
655,2,0,1,1,69.0,42.0,72.0,-1.0,185.0,2.0,3,1,1.0,93.0,95.0,-1,-1,-1,1.0,383436,2,s0_fi3_fu1_b1_l1,23,0,3,1,1,1,2,2.1,3.9
656,4,1,1,1,88.0,56.0,91.0,-1.0,296.0,86.0,0,0,0.0,0.0,86.0,-1,-1,-1,0.0,71605,4,s1_fi0_fu0_b1_l1,31,1,0,0,1,1,2,-1.0,-1.0
657,5,2,0,0,81.0,67.0,136.0,-1.0,363.0,134.0,2,1,0.82,146.0,280.0,-1,-1,-1,1.0,548988,5,s2_fi2_fu1_b0_l0,68,2,2,1,0,0,2,1.0,8.6
658,9,1,0,1,80.0,80.0,131.0,45.0,471.6,15.0,1,2,0.34,159.0,174.0,-1,-1,-1,2.0,95022,9,s1_fi1_fu2_b0_l1,29,1,1,2,0,1,2,0.5,1.3
659,3,2,1,1,69.0,39.0,85.0,-1.0,202.0,3.0,3,2,1.0,182.0,185.0,-1,-1,-1,1.0,447381,3,s2_fi3_fu2_b1_l1,83,2,3,2,1,1,2,1.6,2.6
660,4,1,0,0,88.0,56.0,91.0,-1.0,296.0,86.0,1,2,0.34,89.0,175.0,-1,-1,-1,1.0,190058,4,s1_fi1_fu2_b0_l0,36,1,1,2,0,0,2,0.25,3.2
661,3,2,0,0,69.0,39.0,85.0,-1.0,202.0,3.0,1,1,0.34,36.0,39.0,-1,-1,-1,1.0,359887,3,s2_fi1_fu1_b0_l0,60,2,1,1,0,0,2,0.6,4.2
662,1,1,1,1,98.0,61.0,119.0,-1.0,520.0,10.0,2,1,0.82,222.0,232.0,-1,-1,-1,1.0,302865,1,s1_fi2_fu1_b1_l1,43,1,2,1,1,1,2,2.4,4.5
663,5,1,1,0,81.0,67.0,136.0,-1.0,363.0,134.0,2,2,0.82,262.0,396.0,-1,-1,-1,1.0,758595,5,s1_fi2_fu2_b1_l0,46,1,2,2,1,0,2,2.0,14.8
664,6,2,0,0,49.0,59.0,175.0,-1.0,128.0,15.0,1,2,0.34,39.0,54.0,-1,-1,-1,1.0,491172,6,s2_fi1_fu2_b0_l0,64,2,1,2,0,0,2,0.8,7.0
665,1,2,1,1,98.0,61.0,119.0,-1.0,520.0,10.0,3,2,1.0,468.0,478.0,-1,-1,-1,1.0,437370,1,s2_fi3_fu2_b1_l1,83,2,3,2,1,1,2,1.7,4.6
666,8,1,1,1,135.0,135.0,164.0,56.0,1239.84,31.0,1,2,0.34,478.0,509.0,-1,-1,-1,2.0,107502,8,s1_fi1_fu2_b1_l1,31,1,1,2,1,1,2,0.6,1.4
667,3,1,0,0,69.0,39.0,85.0,-1.0,202.0,3.0,2,2,0.82,147.6,150.6,-1,-1,-1,1.0,276318,3,s1_fi2_fu2_b0_l0,44,1,2,2,0,0,2,0.6,4.8
668,2,1,0,0,69.0,42.0,72.0,-1.0,185.0,2.0,3,1,1.0,93.0,95.0,-1,-1,-1,1.0,188823,2,s1_fi3_fu1_b0_l0,48,1,3,1,0,0,2,1.3,2.75
669,6,1,1,1,49.0,59.0,175.0,-1.0,128.0,15.0,3,1,1.0,64.0,79.0,-1,-1,-1,1.0,337043,6,s1_fi3_fu1_b1_l1,51,1,3,1,1,1,2,2.0,5.3
670,8,0,0,0,135.0,135.0,164.0,56.0,1239.84,31.0,1,2,0.34,478.0,509.0,-1,-1,-1,2.0,133566,8,s0_fi1_fu2_b0_l0,8,0,1,2,0,0,2,1.0,2.2
671,8,1,0,1,135.0,135.0,164.0,56.0,1239.84,31.0,2,2,0.82,1084.0,1115.0,-1,-1,-1,2.0,115441,8,s1_fi2_fu2_b0_l1,37,1,2,2,0,1,2,0.5,1.6
672,6,0,0,0,49.0,59.0,175.0,-1.0,128.0,15.0,2,2,0.82,95.0,110.0,-1,-1,-1,1.0,953517,6,s0_fi2_fu2_b0_l0,16,0,2,2,0,0,2,5.0,14.8
673,7,1,1,0,193.0,193.0,241.0,69.0,3209.397,59.0,0,0,0.0,0.0,59.0,-1,-1,-1,0.0,129773,7,s1_fi0_fu0_b1_l0,22,1,0,0,1,0,2,-1.0,-1.0
674,7,2,0,1,193.0,193.0,241.0,69.0,3209.397,59.0,1,1,0.34,717.0,776.0,-1,-1,-1,2.0,193409,7,s2_fi1_fu1_b0_l1,45,2,1,1,0,1,2,0.4,1.8
675,2,2,0,0,69.0,42.0,72.0,-1.0,185.0,2.0,3,1,1.0,93.0,95.0,-1,-1,-1,1.0,404031,2,s2_fi3_fu1_b0_l0,76,2,3,1,0,0,2,2.7,4.8
676,5,0,1,1,81.0,67.0,136.0,-1.0,363.0,134.0,3,2,1.0,327.0,461.0,-1,-1,-1,1.0,425199,5,s0_fi3_fu2_b1_l1,27,0,3,2,1,1,2,2.2,6.6
677,5,1,0,0,81.0,67.0,136.0,-1.0,363.0,134.0,2,1,0.82,146.0,280.0,-1,-1,-1,1.0,203773,5,s1_fi2_fu1_b0_l0,40,1,2,1,0,0,2,0.6,3.2
678,3,2,1,0,69.0,39.0,85.0,-1.0,202.0,3.0,0,0,0.0,0.0,3.0,-1,-1,-1,0.0,118395,3,s2_fi0_fu0_b1_l0,58,2,0,0,1,0,2,-1.0,-1.0
679,7,2,0,0,193.0,193.0,241.0,69.0,3209.397,59.0,2,2,0.82,2680.0,2739.0,-1,-1,-1,2.0,225338,7,s2_fi2_fu2_b0_l0,56,2,2,2,0,0,2,0.5,1.7
680,2,1,0,0,69.0,42.0,72.0,-1.0,185.0,2.0,3,2,1.0,167.0,169.0,-1,-1,-1,1.0,201435,2,s1_fi3_fu2_b0_l0,52,1,3,2,0,0,2,1.2,3.1
681,8,2,0,1,135.0,135.0,164.0,56.0,1239.84,31.0,2,2,0.82,1084.0,1115.0,-1,-1,-1,2.0,228160,8,s2_fi2_fu2_b0_l1,57,2,2,2,0,1,2,0.4,2.2
682,6,0,0,1,49.0,59.0,175.0,-1.0,128.0,15.0,2,2,0.82,95.0,110.0,-1,-1,-1,1.0,1201227,6,s0_fi2_fu2_b0_l1,17,0,2,2,0,1,2,6.0,21.0
683,8,2,1,1,135.0,135.0,164.0,56.0,1239.84,31.0,0,0,0.0,0.0,31.0,-1,-1,-1,0.0,160555,8,s2_fi0_fu0_b1_l1,43,2,0,0,1,1,2,-1.0,-1.0
